LME_nb,ECO_NAME,group,observed_period,simulated_period,simulated_scenario,observed_tonnes_yr,simulated_tonnes_yr,ratio_simulated_observed,matched_cells,plot_eligible
1,East Bering Sea,demersals,1995-2004,2015-2019,F040,1193565.53348765,274386.727968187,0.229888280341354,177,TRUE
2,Gulf of Alaska,demersals,1995-2004,2015-2019,F040,1184892.30424393,96088.793317016,0.0810949594092685,178,TRUE
3,California Current,demersals,1995-2004,2015-2019,F040,318387.219201518,24835.0605703081,0.0780026931752847,212,TRUE
4,Gulf of California,demersals,1995-2004,2015-2019,F040,104069.270774291,1496.78597264566,0.014382593070071,9,TRUE
5,Gulf of Mexico,demersals,1995-2004,2015-2019,F040,239876.462193085,65386.2224920194,0.272582903275385,119,TRUE
6,Southeast U.S. Continental Shelf,demersals,1995-2004,2015-2019,F040,21739.6970475632,5828.83835471777,0.268119575998008,22,TRUE
7,Northeast U.S. Continental Shelf,demersals,1995-2004,2015-2019,F040,153868.555995122,84054.2868024778,0.546273319190326,22,TRUE
8,Scotian Shelf,demersals,1995-2004,2015-2019,F040,100131.800951729,118005.696644097,1.17850368736486,25,TRUE
9,Labrador - Newfoundland,demersals,1995-2004,2015-2019,F040,160896.178975408,155150.198366119,0.964287650297975,85,TRUE
10,Insular Pacific-Hawaiian,demersals,1995-2004,2015-2019,F040,2775.98277300439,1.61430222363582,0.000581524582693535,84,TRUE
11,Pacific Central-American Coastal,demersals,1995-2004,2015-2019,F040,301667.952914218,7903.41958783533,0.0261990692464531,151,TRUE
12,Caribbean Sea,demersals,1995-2004,2015-2019,F040,395212.865670981,5520.49960371856,0.013968420775842,234,TRUE
13,Humboldt Current,demersals,1995-2004,2015-2019,F040,908225.606583499,10348.2433606944,0.0113939127962068,223,TRUE
14,Patagonian Shelf,demersals,1995-2004,2015-2019,F040,1207535.14949243,1231654.39288416,1.01997394726097,115,TRUE
15,South Brazil Shelf,demersals,1995-2004,2015-2019,F040,144659.531644967,47698.8101756118,0.329731540211795,43,TRUE
16,East Brazil Shelf,demersals,1995-2004,2015-2019,F040,107553.446910876,1.23087489026988,1.144430909118e-05,74,TRUE
17,North Brazil Shelf,demersals,1995-2004,2015-2019,F040,228281.844509266,192102.357748332,0.841513954652383,68,TRUE
18,Canadian Eastern Arctic - West Greenland,demersals,1995-2004,2015-2019,F040,97940.550116554,2551.23390769237,0.0260488010804133,234,TRUE
19,Greenland Sea,demersals,1995-2004,2015-2019,F040,155269.801492852,1071.15730065244,0.00689868403484595,304,TRUE
20,Barents Sea,demersals,1995-2004,2015-2019,F040,1698668.60556383,94344.80944593,0.0555404445204394,596,TRUE
21,Norwegian Sea,demersals,1995-2004,2015-2019,F040,455032.908073157,25967.827047246,0.0570680198871926,233,TRUE
22,North Sea,demersals,1995-2004,2015-2019,F040,2561689.22603963,491237.225397409,0.191763005599575,84,TRUE
23,Baltic Sea,demersals,1995-2004,2015-2019,F040,290323.822799871,148988.148007311,0.51317920303775,31,TRUE
24,Celtic-Biscay Shelf,demersals,1995-2004,2015-2019,F040,917432.800341026,285143.825437145,0.310806225078449,79,TRUE
25,Iberian Coastal,demersals,1995-2004,2015-2019,F040,94393.0226983463,745.371250112271,0.00789646553108347,30,TRUE
26,Mediterranean Sea,demersals,1995-2004,2015-2019,F040,551999.072250233,113177.382026839,0.205031833777309,197,TRUE
27,Canary Current,demersals,1995-2004,2015-2019,F040,600221.086272915,48439.4548072415,0.0807026875847152,92,TRUE
28,Guinea Current,demersals,1995-2004,2015-2019,F040,765553.648130732,28339.6293406033,0.0370184759876734,150,TRUE
29,Benguela Current,demersals,1995-2004,2015-2019,F040,598741.002132044,83537.864627817,0.139522538677573,123,TRUE
30,Agulhas Current,demersals,1995-2004,2015-2019,F040,328473.110149601,30451.8926827114,0.0927074142198192,201,TRUE
31,Somali Coastal Current,demersals,1995-2004,2015-2019,F040,305432.486964472,417.376539988927,0.00136650997455119,58,TRUE
32,Arabian Sea,demersals,1995-2004,2015-2019,F040,4268636.76398691,278148.203448723,0.0651608976887816,304,TRUE
33,Red Sea,demersals,1995-2004,2015-2019,F040,1642901.15544092,2027.15887460788,0.00123388973700236,25,TRUE
34,Bay of Bengal,demersals,1995-2004,2015-2019,F040,4074795.57793394,135723.732044008,0.0333081082101361,271,TRUE
35,Gulf of Thailand,demersals,1995-2004,2015-2019,F040,1108785.54442848,238177.203098982,0.214809080345423,22,TRUE
36,South China Sea,demersals,1995-2004,2015-2019,F040,5586046.60077984,517815.121462471,0.0926979594817883,235,TRUE
37,Sulu-Celebes Sea,demersals,1995-2004,2015-2019,F040,682728.0489394,22653.2405302281,0.0331804743710461,60,TRUE
38,Indonesian Sea,demersals,1995-2004,2015-2019,F040,1509635.73880287,295901.900881462,0.19600880747306,127,TRUE
39,North Australian Shelf,demersals,1995-2004,2015-2019,F040,1047.66643655128,493868.674632103,471.398774840803,47,TRUE
40,Northeast Australian Shelf,demersals,1995-2004,2015-2019,F040,181680.836447365,10516.3753716604,0.0578837899323913,98,TRUE
41,East Central Australian Shelf,demersals,1995-2004,2015-2019,F040,14251.1261063641,0.363368729423644,2.54975450158549e-05,50,FALSE
42,Southeast Australian Shelf,demersals,1995-2004,2015-2019,F040,69753.1936693614,103039.554294129,1.47720195841568,115,TRUE
43,South West Australian Shelf,demersals,1995-2004,2015-2019,F040,63264.3301730827,61360.8110668504,0.969911653201344,92,TRUE
44,West Central Australian Shelf,demersals,1995-2004,2015-2019,F040,18051.330502342,3288.69527211861,0.182185754767048,52,TRUE
45,Northwest Australian Shelf,demersals,1995-2004,2015-2019,F040,60424.3106692986,163583.84175923,2.70725209683437,72,TRUE
46,New Zealand Shelf,demersals,1995-2004,2015-2019,F040,542785.356043499,106119.097365309,0.195508401587763,91,TRUE
47,East China Sea,demersals,1995-2004,2015-2019,F040,2773216.39530201,407286.05978086,0.146864146797497,62,TRUE
48,Yellow Sea,demersals,1995-2004,2015-2019,F040,2326920.79171901,424585.557269388,0.182466699674692,30,TRUE
49,Kuroshio Current,demersals,1995-2004,2015-2019,F040,988019.939507844,3499.27962581542,0.003541709520112,112,TRUE
50,Sea of Japan,demersals,1995-2004,2015-2019,F040,1666367.76352759,37829.9576944372,0.022702046044358,86,TRUE
51,Oyashio Current,demersals,1995-2004,2015-2019,F040,450649.424524213,5805.08562136614,0.0128815999876069,56,TRUE
52,Sea of Okhotsk,demersals,1995-2004,2015-2019,F040,3665257.06216655,274905.946633531,0.0750031831249054,182,TRUE
53,West Bering Sea,demersals,1995-2004,2015-2019,F040,735388.966910421,4855.70674941935,0.00660290943691956,93,TRUE
54,Northern Bering - Chukchi Seas,demersals,1995-2004,2015-2019,F040,991618.36685838,88126.7633402764,0.0888716529318405,303,TRUE
55,Beaufort Sea,demersals,1995-2004,2015-2019,F040,21599.0655855669,790.64491566642,0.0366055148327691,228,TRUE
56,East Siberian Sea,demersals,1995-2004,2015-2019,F040,116287.918000801,0.192897864135862,1.65879540585234e-06,178,FALSE
57,Laptev Sea,demersals,1995-2004,2015-2019,F040,1225.92812278128,5182.22011679097,4.22718103981005,262,TRUE
58,Kara Sea,demersals,1995-2004,2015-2019,F040,13712.838940236,45169.8478733605,3.29398223593393,307,TRUE
59,Iceland Shelf and Sea,demersals,1995-2004,2015-2019,F040,493100.29969625,10115.012581601,0.0205130935589207,86,TRUE
60,Faroe Plateau,demersals,1995-2004,2015-2019,F040,87630.7242736096,3944.27313593433,0.0450101624587641,16,TRUE
61,Antarctica,demersals,1995-2004,2015-2019,F040,2508.32748143906,516890.652196447,206.069843758958,567,TRUE
62,Black Sea,demersals,1995-2004,2015-2019,F040,52409.6857743589,72417.3105767165,1.38175433618314,36,TRUE
63,Hudson Bay Complex,demersals,1995-2004,2015-2019,F040,3536.67867828396,179290.248307544,50.6945257448544,146,TRUE
64,Central Arctic,demersals,1995-2004,2015-2019,F040,17.6051967885367,0.00063891787199677,3.62914359703601e-05,3162,FALSE
65,Aleutian Islands,demersals,1995-2004,2015-2019,F040,158416.378044351,2734.42673280648,0.01726101029807,26,TRUE
66,Canadian High Arctic - North Greenland,demersals,1995-2004,2015-2019,F040,2968.30511904392,0.00118556271335216,3.99407293322336e-07,193,FALSE
1,East Bering Sea,largePel,1995-2004,2015-2019,F040,112257.048334825,447962.263498938,3.99050456201929,177,TRUE
2,Gulf of Alaska,largePel,1995-2004,2015-2019,F040,115872.180670086,359253.29186746,3.10042746921572,178,TRUE
3,California Current,largePel,1995-2004,2015-2019,F040,270631.92991793,1445058.52303066,5.33957143737206,212,TRUE
4,Gulf of California,largePel,1995-2004,2015-2019,F040,203534.415396438,21303.5016812373,0.104667810796238,9,TRUE
5,Gulf of Mexico,largePel,1995-2004,2015-2019,F040,93524.208706434,304293.584897995,3.25363442371538,119,TRUE
6,Southeast U.S. Continental Shelf,largePel,1995-2004,2015-2019,F040,28425.0399403688,14685.2739527427,0.516631603105927,22,TRUE
7,Northeast U.S. Continental Shelf,largePel,1995-2004,2015-2019,F040,229816.042932304,125387.614553653,0.54559991963045,22,TRUE
8,Scotian Shelf,largePel,1995-2004,2015-2019,F040,103438.489518133,37054.7006499288,0.358229328585013,25,TRUE
9,Labrador - Newfoundland,largePel,1995-2004,2015-2019,F040,136809.413973606,52502.7570997084,0.383765674998341,85,TRUE
10,Insular Pacific-Hawaiian,largePel,1995-2004,2015-2019,F040,10653.3525302333,1.94930692438888e-20,1.82975914751428e-24,84,FALSE
11,Pacific Central-American Coastal,largePel,1995-2004,2015-2019,F040,426174.576263552,844153.189803429,1.98076853200505,151,TRUE
12,Caribbean Sea,largePel,1995-2004,2015-2019,F040,258179.958952673,46963.9238508319,0.181903831890534,234,TRUE
13,Humboldt Current,largePel,1995-2004,2015-2019,F040,3230605.35165179,4852599.94225812,1.50207141202717,223,TRUE
14,Patagonian Shelf,largePel,1995-2004,2015-2019,F040,21746.3779318264,465316.285246181,21.397415546852,115,TRUE
15,South Brazil Shelf,largePel,1995-2004,2015-2019,F040,45668.2535290554,243927.646145462,5.34129569877833,43,TRUE
16,East Brazil Shelf,largePel,1995-2004,2015-2019,F040,46202.6693072434,800.667254584801,0.0173294588081143,74,TRUE
17,North Brazil Shelf,largePel,1995-2004,2015-2019,F040,65859.1911600474,455032.032199925,6.90916520815038,68,TRUE
18,Canadian Eastern Arctic - West Greenland,largePel,1995-2004,2015-2019,F040,34220.9346416898,200.39681019473,0.00585597127293524,234,TRUE
19,Greenland Sea,largePel,1995-2004,2015-2019,F040,11967.3529473659,0.00494687698869746,4.13364343013407e-07,304,FALSE
20,Barents Sea,largePel,1995-2004,2015-2019,F040,441502.640926294,1680.67970904258,0.00380672628710993,596,TRUE
21,Norwegian Sea,largePel,1995-2004,2015-2019,F040,554955.036370254,39314.6210821201,0.0708428944789146,233,TRUE
22,North Sea,largePel,1995-2004,2015-2019,F040,1129571.0129857,80427.0577712728,0.0712014179247453,84,TRUE
23,Baltic Sea,largePel,1995-2004,2015-2019,F040,323072.519249822,13942.3163212419,0.0431553768597098,31,TRUE
24,Celtic-Biscay Shelf,largePel,1995-2004,2015-2019,F040,530950.394467012,254936.746157855,0.480151721920784,79,TRUE
25,Iberian Coastal,largePel,1995-2004,2015-2019,F040,73697.2747575384,419836.55583048,5.6967717898895,30,TRUE
26,Mediterranean Sea,largePel,1995-2004,2015-2019,F040,314761.050460752,1086468.62348201,3.45172511621631,197,TRUE
27,Canary Current,largePel,1995-2004,2015-2019,F040,1293562.97794363,2008543.7192724,1.5527220193526,92,TRUE
28,Guinea Current,largePel,1995-2004,2015-2019,F040,1371993.95132694,576175.031483799,0.41995449828809,150,TRUE
29,Benguela Current,largePel,1995-2004,2015-2019,F040,735027.496502856,2773850.40805431,3.77380495457905,123,TRUE
30,Agulhas Current,largePel,1995-2004,2015-2019,F040,321836.213876199,1064476.84919906,3.30751109820268,201,TRUE
31,Somali Coastal Current,largePel,1995-2004,2015-2019,F040,60486.5154959891,612334.648743279,10.123490231205,58,TRUE
32,Arabian Sea,largePel,1995-2004,2015-2019,F040,1075542.34729027,2704097.24831546,2.51417087865316,304,TRUE
33,Red Sea,largePel,1995-2004,2015-2019,F040,330969.036861019,9.79963269939845e-09,2.96089108284578e-14,25,FALSE
34,Bay of Bengal,largePel,1995-2004,2015-2019,F040,1371128.88889402,1435024.60715299,1.04660081103718,271,TRUE
35,Gulf of Thailand,largePel,1995-2004,2015-2019,F040,275276.975620358,60366.4653495196,0.219293550481217,22,TRUE
36,South China Sea,largePel,1995-2004,2015-2019,F040,1604857.02330801,1756996.07319602,1.09479913018944,235,TRUE
37,Sulu-Celebes Sea,largePel,1995-2004,2015-2019,F040,896087.595850725,493466.316449731,0.550689819538508,60,TRUE
38,Indonesian Sea,largePel,1995-2004,2015-2019,F040,852374.704626441,2563909.08615968,3.00796008169123,127,TRUE
39,North Australian Shelf,largePel,1995-2004,2015-2019,F040,1021.57123771642,454541.63329982,444.943648096323,47,TRUE
40,Northeast Australian Shelf,largePel,1995-2004,2015-2019,F040,102244.312364874,13853.0339538717,0.135489531236076,98,TRUE
41,East Central Australian Shelf,largePel,1995-2004,2015-2019,F040,9704.23103702268,265827.330598106,27.3929309374381,50,TRUE
42,Southeast Australian Shelf,largePel,1995-2004,2015-2019,F040,34936.6812192495,1037075.20744422,29.6844225396204,115,TRUE
43,South West Australian Shelf,largePel,1995-2004,2015-2019,F040,34129.8112408915,351585.668480057,10.3014243471354,92,TRUE
44,West Central Australian Shelf,largePel,1995-2004,2015-2019,F040,17504.9322730714,55437.9093566859,3.16698793756366,52,TRUE
45,Northwest Australian Shelf,largePel,1995-2004,2015-2019,F040,62982.7753985182,685464.493256488,10.8833643630226,72,TRUE
46,New Zealand Shelf,largePel,1995-2004,2015-2019,F040,79128.8910436052,703159.817674678,8.88625896813328,91,TRUE
47,East China Sea,largePel,1995-2004,2015-2019,F040,667682.395679779,504327.967882462,0.755341118989662,62,TRUE
48,Yellow Sea,largePel,1995-2004,2015-2019,F040,450544.68364918,162593.713483382,0.360882548133642,30,TRUE
49,Kuroshio Current,largePel,1995-2004,2015-2019,F040,435386.615691382,421116.679289638,0.967224678280282,112,TRUE
50,Sea of Japan,largePel,1995-2004,2015-2019,F040,354902.744573935,405494.753490603,1.14255175450222,86,TRUE
51,Oyashio Current,largePel,1995-2004,2015-2019,F040,150161.577476717,389145.774390925,2.59151362772053,56,TRUE
52,Sea of Okhotsk,largePel,1995-2004,2015-2019,F040,315654.81752783,481224.188544214,1.52452667224629,182,TRUE
53,West Bering Sea,largePel,1995-2004,2015-2019,F040,111368.297642158,262535.377667194,2.35736186352383,93,TRUE
54,Northern Bering - Chukchi Seas,largePel,1995-2004,2015-2019,F040,99935.7202716261,13.9815587552388,0.000139905518439621,303,TRUE
55,Beaufort Sea,largePel,1995-2004,2015-2019,F040,21176.2862302056,0.000205694469091398,9.71343449249367e-09,228,FALSE
56,East Siberian Sea,largePel,1995-2004,2015-2019,F040,11289.824083543,1.39373741220947e-10,1.23450764325115e-14,178,FALSE
57,Laptev Sea,largePel,1995-2004,2015-2019,F040,921.047688479357,6.91961791879537e-11,7.51276834559957e-14,262,FALSE
58,Kara Sea,largePel,1995-2004,2015-2019,F040,854.738294061764,1.05971432745111,0.00123981145435206,307,TRUE
59,Iceland Shelf and Sea,largePel,1995-2004,2015-2019,F040,136793.107150532,840.516771260175,0.00614443804054571,86,TRUE
60,Faroe Plateau,largePel,1995-2004,2015-2019,F040,32390.1018248833,2820.84196905803,0.0870896295513018,16,TRUE
61,Antarctica,largePel,1995-2004,2015-2019,F040,50.123650541532,260828.867055845,5203.70851360327,567,TRUE
62,Black Sea,largePel,1995-2004,2015-2019,F040,62352.3793777806,535601.017256703,8.58990503011286,36,TRUE
63,Hudson Bay Complex,largePel,1995-2004,2015-2019,F040,45.6935043092277,0.831760031550934,0.0182030256625111,146,FALSE
64,Central Arctic,largePel,1995-2004,2015-2019,F040,0,4.46066613319538e-11,,3162,FALSE
65,Aleutian Islands,largePel,1995-2004,2015-2019,F040,11788.4997686139,111276.837555161,9.43944011021892,26,TRUE
66,Canadian High Arctic - North Greenland,largePel,1995-2004,2015-2019,F040,0.872702993697384,2.69049615445329e-12,3.08294594367604e-12,193,FALSE
1,East Bering Sea,smallPel,1995-2004,2015-2019,F040,11187.5338435718,1425848.53085684,127.449762458248,177,TRUE
2,Gulf of Alaska,smallPel,1995-2004,2015-2019,F040,2250.6747659991,863467.833708817,383.648427019846,178,TRUE
3,California Current,smallPel,1995-2004,2015-2019,F040,10932.5743230079,1643480.35707832,150.328761417114,212,TRUE
4,Gulf of California,smallPel,1995-2004,2015-2019,F040,4845.20697555038,15276.1369376752,3.15283475293436,9,TRUE
5,Gulf of Mexico,smallPel,1995-2004,2015-2019,F040,563356.769694615,387009.491350619,0.686970517032056,119,TRUE
6,Southeast U.S. Continental Shelf,smallPel,1995-2004,2015-2019,F040,48.4322595934973,37528.5013514334,774.865795369005,22,TRUE
7,Northeast U.S. Continental Shelf,smallPel,1995-2004,2015-2019,F040,313.102704049678,298678.781157974,953.932295361412,22,TRUE
8,Scotian Shelf,smallPel,1995-2004,2015-2019,F040,4156.81566027702,280600.23365489,67.5036510125616,25,TRUE
9,Labrador - Newfoundland,smallPel,1995-2004,2015-2019,F040,19619.7484537709,473971.061951969,24.1578562064016,85,TRUE
10,Insular Pacific-Hawaiian,smallPel,1995-2004,2015-2019,F040,3.63218797686168,32039.0200441575,8820.85956130503,84,TRUE
11,Pacific Central-American Coastal,smallPel,1995-2004,2015-2019,F040,1093268.36485926,625026.751980164,0.571704781799507,151,TRUE
12,Caribbean Sea,smallPel,1995-2004,2015-2019,F040,9258.45187432212,165525.749088048,17.8783398493571,234,TRUE
13,Humboldt Current,smallPel,1995-2004,2015-2019,F040,9585053.21440328,4504818.71127148,0.469983693413634,223,TRUE
14,Patagonian Shelf,smallPel,1995-2004,2015-2019,F040,25537.2930827544,2365981.08436177,92.6480765480798,115,TRUE
15,South Brazil Shelf,smallPel,1995-2004,2015-2019,F040,38546.994476081,331056.12982893,8.58837723481543,43,TRUE
16,East Brazil Shelf,smallPel,1995-2004,2015-2019,F040,24911.2757485657,43946.2102285963,1.7641091798009,74,TRUE
17,North Brazil Shelf,smallPel,1995-2004,2015-2019,F040,27642.0811268023,516354.551748045,18.6800172309522,68,TRUE
18,Canadian Eastern Arctic - West Greenland,smallPel,1995-2004,2015-2019,F040,9637.44624434639,22566.1329735594,2.34150545709112,234,TRUE
19,Greenland Sea,smallPel,1995-2004,2015-2019,F040,578288.081871715,7505.3389966947,0.0129785469076287,304,TRUE
20,Barents Sea,smallPel,1995-2004,2015-2019,F040,198201.861367098,241358.693471539,1.21774181032795,596,TRUE
21,Norwegian Sea,smallPel,1995-2004,2015-2019,F040,261523.314709463,198533.814032246,0.759143842501406,233,TRUE
22,North Sea,smallPel,1995-2004,2015-2019,F040,273462.082132407,832937.509445503,3.0458976357907,84,TRUE
23,Baltic Sea,smallPel,1995-2004,2015-2019,F040,400920.634685463,277364.830591207,0.691819793233665,31,TRUE
24,Celtic-Biscay Shelf,smallPel,1995-2004,2015-2019,F040,172545.938476971,798101.188617319,4.62544175575503,79,TRUE
25,Iberian Coastal,smallPel,1995-2004,2015-2019,F040,145840.73898604,480433.766245615,3.29423568192151,30,TRUE
26,Mediterranean Sea,smallPel,1995-2004,2015-2019,F040,696748.451535718,1320928.27138809,1.89584672700255,197,TRUE
27,Canary Current,smallPel,1995-2004,2015-2019,F040,867485.304668758,1904827.12058404,2.1958033298459,92,TRUE
28,Guinea Current,smallPel,1995-2004,2015-2019,F040,108324.794398049,735964.885170945,6.79405753097095,150,TRUE
29,Benguela Current,smallPel,1995-2004,2015-2019,F040,318738.651504743,2939341.78533193,9.22179274918652,123,TRUE
30,Agulhas Current,smallPel,1995-2004,2015-2019,F040,51766.6334617944,1195083.93344038,23.0859890535937,201,TRUE
31,Somali Coastal Current,smallPel,1995-2004,2015-2019,F040,2140.98044957209,428277.773643856,200.038152487312,58,TRUE
32,Arabian Sea,smallPel,1995-2004,2015-2019,F040,405500.471942685,2197185.8930395,5.41845458899998,304,TRUE
33,Red Sea,smallPel,1995-2004,2015-2019,F040,115597.190694481,29648.7268478949,0.256483108886749,25,TRUE
34,Bay of Bengal,smallPel,1995-2004,2015-2019,F040,386872.050427983,1426179.9057453,3.68643820138355,271,TRUE
35,Gulf of Thailand,smallPel,1995-2004,2015-2019,F040,87749.9521879409,317759.008766535,3.62118725815333,22,TRUE
36,South China Sea,smallPel,1995-2004,2015-2019,F040,885967.065527644,2122681.42687082,2.39589202518114,235,TRUE
37,Sulu-Celebes Sea,smallPel,1995-2004,2015-2019,F040,202745.510958524,410990.815294962,2.02712658520484,60,TRUE
38,Indonesian Sea,smallPel,1995-2004,2015-2019,F040,567457.511350255,2223896.15413121,3.91905316195302,127,TRUE
39,North Australian Shelf,smallPel,1995-2004,2015-2019,F040,269.796460571137,902856.283100294,3346.43486867479,47,TRUE
40,Northeast Australian Shelf,smallPel,1995-2004,2015-2019,F040,5450.35767558282,161518.607672454,29.6344969057801,98,TRUE
41,East Central Australian Shelf,smallPel,1995-2004,2015-2019,F040,783.573119651546,267761.666150087,341.718799987882,50,TRUE
42,Southeast Australian Shelf,smallPel,1995-2004,2015-2019,F040,3987.51732758054,1521640.8763821,381.601069381526,115,TRUE
43,South West Australian Shelf,smallPel,1995-2004,2015-2019,F040,4263.59412651611,586828.712973969,137.637095736756,92,TRUE
44,West Central Australian Shelf,smallPel,1995-2004,2015-2019,F040,1191.48879030903,120902.253104312,101.471582517326,52,TRUE
45,Northwest Australian Shelf,smallPel,1995-2004,2015-2019,F040,5787.00590732293,843482.004687448,145.754474454588,72,TRUE
46,New Zealand Shelf,smallPel,1995-2004,2015-2019,F040,157.792337957583,1006514.53046252,6378.72879944964,91,TRUE
47,East China Sea,smallPel,1995-2004,2015-2019,F040,853493.244995046,1021422.99751882,1.19675580739336,62,TRUE
48,Yellow Sea,smallPel,1995-2004,2015-2019,F040,683433.358303703,663546.06079801,0.970900897265164,30,TRUE
49,Kuroshio Current,smallPel,1995-2004,2015-2019,F040,330550.596446982,487341.229971284,1.474331721708,112,TRUE
50,Sea of Japan,smallPel,1995-2004,2015-2019,F040,499735.475153214,616408.37991056,1.23346932639028,86,TRUE
51,Oyashio Current,smallPel,1995-2004,2015-2019,F040,101486.403368994,724780.99753718,7.14165615764264,56,TRUE
52,Sea of Okhotsk,smallPel,1995-2004,2015-2019,F040,247464.880134396,1498014.71472728,6.05344368022536,182,TRUE
53,West Bering Sea,smallPel,1995-2004,2015-2019,F040,18731.3043002955,671180.739276844,35.8320343589879,93,TRUE
54,Northern Bering - Chukchi Seas,smallPel,1995-2004,2015-2019,F040,5519.08335865828,270249.761605329,48.9664214223842,303,TRUE
55,Beaufort Sea,smallPel,1995-2004,2015-2019,F040,96.4710531303336,10830.9312024288,112.271306790816,228,TRUE
56,East Siberian Sea,smallPel,1995-2004,2015-2019,F040,394.14613766767,6950.77526681329,17.6350206244414,178,TRUE
57,Laptev Sea,smallPel,1995-2004,2015-2019,F040,0,17783.9502685457,,262,FALSE
58,Kara Sea,smallPel,1995-2004,2015-2019,F040,1238.26168899466,99540.5588937207,80.3873363590354,307,TRUE
59,Iceland Shelf and Sea,smallPel,1995-2004,2015-2019,F040,438618.326379039,47888.9832564346,0.109181446319802,86,TRUE
60,Faroe Plateau,smallPel,1995-2004,2015-2019,F040,13187.4125564473,27644.2198995075,2.09625806284435,16,TRUE
61,Antarctica,smallPel,1995-2004,2015-2019,F040,84.3428835016105,1498842.49908097,17770.823534298,567,TRUE
62,Black Sea,smallPel,1995-2004,2015-2019,F040,331045.444714658,757591.68712515,2.2884824401621,36,TRUE
63,Hudson Bay Complex,smallPel,1995-2004,2015-2019,F040,39.9491622538335,353674.484073959,8853.11391079346,146,TRUE
64,Central Arctic,smallPel,1995-2004,2015-2019,F040,0,0.00905413075826342,,3162,FALSE
65,Aleutian Islands,smallPel,1995-2004,2015-2019,F040,1060.80727403143,213388.494143671,201.156703359246,26,TRUE
66,Canadian High Arctic - North Greenland,smallPel,1995-2004,2015-2019,F040,6.91269802616553,6.86262842721056e-06,9.92756865877049e-07,193,FALSE
1,East Bering Sea,total,1995-2004,2015-2019,F040,1317010.11566605,2148197.52232397,1.63111694949857,177,TRUE
2,Gulf of Alaska,total,1995-2004,2015-2019,F040,1303015.15968001,1318809.91889329,1.01212170027029,178,TRUE
3,California Current,total,1995-2004,2015-2019,F040,599951.723442456,3113373.94067928,5.18937410966184,212,TRUE
4,Gulf of California,total,1995-2004,2015-2019,F040,312448.893146279,38076.4245915581,0.12186448864689,9,TRUE
5,Gulf of Mexico,total,1995-2004,2015-2019,F040,896757.440594135,756689.298740633,0.843805988650954,119,TRUE
6,Southeast U.S. Continental Shelf,total,1995-2004,2015-2019,F040,50213.1692475254,58042.6136588939,1.15592412366512,22,TRUE
7,Northeast U.S. Continental Shelf,total,1995-2004,2015-2019,F040,383997.701631476,508120.682514105,1.32323886407464,22,TRUE
8,Scotian Shelf,total,1995-2004,2015-2019,F040,207727.10613014,435660.630948917,2.09727386601139,25,TRUE
9,Labrador - Newfoundland,total,1995-2004,2015-2019,F040,317325.341402785,681624.017417795,2.14802894217201,85,TRUE
10,Insular Pacific-Hawaiian,total,1995-2004,2015-2019,F040,13432.9674912146,32040.6343463812,2.38522384330464,84,TRUE
11,Pacific Central-American Coastal,total,1995-2004,2015-2019,F040,1821110.89403702,1477083.36137143,0.811089190783457,151,TRUE
12,Caribbean Sea,total,1995-2004,2015-2019,F040,662651.276497976,218010.172542599,0.328996834797865,234,TRUE
13,Humboldt Current,total,1995-2004,2015-2019,F040,13723884.1726386,9367766.8968903,0.682588600941919,223,TRUE
14,Patagonian Shelf,total,1995-2004,2015-2019,F040,1254818.82050701,4062951.76249211,3.23787920303145,115,TRUE
15,South Brazil Shelf,total,1995-2004,2015-2019,F040,228874.779650103,622682.586150003,2.72062560628979,43,TRUE
16,East Brazil Shelf,total,1995-2004,2015-2019,F040,178667.391966685,44748.1083580714,0.25045481363726,74,TRUE
17,North Brazil Shelf,total,1995-2004,2015-2019,F040,321783.116796115,1163488.9416963,3.61575508771487,68,TRUE
18,Canadian Eastern Arctic - West Greenland,total,1995-2004,2015-2019,F040,141798.93100259,25317.7636914465,0.178546929179487,234,TRUE
19,Greenland Sea,total,1995-2004,2015-2019,F040,745525.236311933,8576.50124422415,0.011503971732267,304,TRUE
20,Barents Sea,total,1995-2004,2015-2019,F040,2338373.10785722,337384.182626512,0.14428158684038,596,TRUE
21,Norwegian Sea,total,1995-2004,2015-2019,F040,1271511.25915287,263816.262161613,0.207482442851018,233,TRUE
22,North Sea,total,1995-2004,2015-2019,F040,3964722.32115774,1404601.79261418,0.354274947609452,84,TRUE
23,Baltic Sea,total,1995-2004,2015-2019,F040,1014316.97673516,440295.294919759,0.434080573448514,31,TRUE
24,Celtic-Biscay Shelf,total,1995-2004,2015-2019,F040,1620929.13328501,1338181.76021232,0.825564630021999,79,TRUE
25,Iberian Coastal,total,1995-2004,2015-2019,F040,313931.036441925,901015.693326208,2.8701070895642,30,TRUE
26,Mediterranean Sea,total,1995-2004,2015-2019,F040,1563508.5742467,2520574.27689693,1.61212692940385,197,TRUE
27,Canary Current,total,1995-2004,2015-2019,F040,2761269.36888531,3961810.29466368,1.43477863453178,92,TRUE
28,Guinea Current,total,1995-2004,2015-2019,F040,2245872.39385572,1340479.54599535,0.596863628433496,150,TRUE
29,Benguela Current,total,1995-2004,2015-2019,F040,1652507.15013964,5796730.05801405,3.50783962267528,123,TRUE
30,Agulhas Current,total,1995-2004,2015-2019,F040,702075.957487594,2290012.67532215,3.26177338918862,201,TRUE
31,Somali Coastal Current,total,1995-2004,2015-2019,F040,368059.982910034,1041029.79892712,2.82842429838831,58,TRUE
32,Arabian Sea,total,1995-2004,2015-2019,F040,5749679.58321987,5179431.34480369,0.900820866595694,304,TRUE
33,Red Sea,total,1995-2004,2015-2019,F040,2089467.38299642,31675.8857225126,0.0151597895139609,25,TRUE
34,Bay of Bengal,total,1995-2004,2015-2019,F040,5832796.51725594,2996928.2449423,0.513806411054471,271,TRUE
35,Gulf of Thailand,total,1995-2004,2015-2019,F040,1471812.47223678,616302.677215037,0.418737229667862,22,TRUE
36,South China Sea,total,1995-2004,2015-2019,F040,8076870.68961549,4397492.62152932,0.54445499878848,235,TRUE
37,Sulu-Celebes Sea,total,1995-2004,2015-2019,F040,1781561.15574865,927110.37227492,0.520392111875233,60,TRUE
38,Indonesian Sea,total,1995-2004,2015-2019,F040,2929467.95477956,5083707.14117236,1.73536874942703,127,TRUE
39,North Australian Shelf,total,1995-2004,2015-2019,F040,2339.03413483884,1851266.59103222,791.466256716161,47,TRUE
40,Northeast Australian Shelf,total,1995-2004,2015-2019,F040,289375.506487822,185888.016997986,0.64237647219741,98,TRUE
41,East Central Australian Shelf,total,1995-2004,2015-2019,F040,24738.9302630383,533589.360116922,21.5688129779056,50,TRUE
42,Southeast Australian Shelf,total,1995-2004,2015-2019,F040,108677.392216191,2661755.63812045,24.4922663659929,115,TRUE
43,South West Australian Shelf,total,1995-2004,2015-2019,F040,101657.73554049,999775.192520876,9.83471830456684,92,TRUE
44,West Central Australian Shelf,total,1995-2004,2015-2019,F040,36747.7515657224,179628.857733116,4.88815914116145,52,TRUE
45,Northwest Australian Shelf,total,1995-2004,2015-2019,F040,129194.09197514,1692530.33970316,13.1006790931961,72,TRUE
46,New Zealand Shelf,total,1995-2004,2015-2019,F040,622072.039425061,1815793.44550251,2.91894399751631,91,TRUE
47,East China Sea,total,1995-2004,2015-2019,F040,4294392.03597683,1933037.02518214,0.45013054443746,62,TRUE
48,Yellow Sea,total,1995-2004,2015-2019,F040,3460898.83367189,1250725.33155078,0.361387429006067,30,TRUE
49,Kuroshio Current,total,1995-2004,2015-2019,F040,1753957.15164621,911957.188886737,0.519942683908101,112,TRUE
50,Sea of Japan,total,1995-2004,2015-2019,F040,2521005.98325474,1059733.0910956,0.420361196337755,86,TRUE
51,Oyashio Current,total,1995-2004,2015-2019,F040,702297.405369924,1119731.85754947,1.59438415831776,56,TRUE
52,Sea of Okhotsk,total,1995-2004,2015-2019,F040,4228376.75982878,2254144.84990503,0.533099337627687,182,TRUE
53,West Bering Sea,total,1995-2004,2015-2019,F040,865488.568852875,938571.823693458,1.08444161768358,93,TRUE
54,Northern Bering - Chukchi Seas,total,1995-2004,2015-2019,F040,1097073.17048866,358390.506504361,0.326678763226635,303,TRUE
55,Beaufort Sea,total,1995-2004,2015-2019,F040,42871.8228689028,11621.5763237897,0.271077261149525,228,TRUE
56,East Siberian Sea,total,1995-2004,2015-2019,F040,127971.888222011,6950.96816467756,0.0543163679246392,178,TRUE
57,Laptev Sea,total,1995-2004,2015-2019,F040,2146.97581126064,22966.1703853368,10.69698608847,262,TRUE
58,Kara Sea,total,1995-2004,2015-2019,F040,15805.8389232925,144711.466481409,9.15557011454501,307,TRUE
59,Iceland Shelf and Sea,total,1995-2004,2015-2019,F040,1068511.73322582,58844.5126092958,0.0550714707003217,86,TRUE
60,Faroe Plateau,total,1995-2004,2015-2019,F040,133208.23865494,34409.3350044999,0.258312363799307,16,TRUE
61,Antarctica,total,1995-2004,2015-2019,F040,2642.7940154822,2276562.01833327,861.422420739775,567,TRUE
62,Black Sea,total,1995-2004,2015-2019,F040,445807.509866798,1365610.01495857,3.063227928499,36,TRUE
63,Hudson Bay Complex,total,1995-2004,2015-2019,F040,3622.32134484702,532965.564141534,147.133706096979,146,TRUE
64,Central Arctic,total,1995-2004,2015-2019,F040,17.6051967885367,0.00969304867486683,0.000550578831426541,3162,FALSE
65,Aleutian Islands,total,1995-2004,2015-2019,F040,171265.685086996,327399.758431638,1.9116483156876,26,TRUE
66,Canadian High Arctic - North Greenland,total,1995-2004,2015-2019,F040,2976.09052006378,0.00119242534446987,4.00668372292761e-07,193,FALSE
