scenario,f_value,year,metric,group,weighted_sum,weight_sum,weighted_mean
F0,0,2015,SSB,smallPel,22110.7944397153,28213.2246931638,0.783703198772345
F0,0,2016,SSB,smallPel,21623.9481860299,28213.2246931638,0.766447239590783
F0,0,2017,SSB,smallPel,22210.7733403915,28213.2246931638,0.78724688800899
F0,0,2018,SSB,smallPel,22327.3262653384,28213.2246931638,0.791378033109006
F0,0,2019,SSB,smallPel,21524.1623343873,28213.2246931638,0.762910392855686
F0,0,2020,SSB,smallPel,21595.9130322171,28213.2246931638,0.765453551201113
F0,0,2021,SSB,smallPel,21821.5316704319,28213.2246931638,0.773450461893476
F0,0,2022,SSB,smallPel,22002.7198309663,28213.2246931638,0.779872562256157
F0,0,2023,SSB,smallPel,21565.5583634448,28213.2246931638,0.764377649062933
F0,0,2024,SSB,smallPel,21419.0836250446,28213.2246931638,0.759185944109204
F0,0,2025,SSB,smallPel,21882.0297877295,28213.2246931638,0.77559477960106
F0,0,2026,SSB,smallPel,21817.2166236199,28213.2246931638,0.773297517773868
F0,0,2027,SSB,smallPel,21679.5872191302,28213.2246931638,0.768419330115899
F0,0,2028,SSB,smallPel,21214.9467184364,28213.2246931638,0.751950439879244
F0,0,2029,SSB,smallPel,20921.8193614598,28213.2246931638,0.741560725120843
F0,0,2030,SSB,smallPel,21520.5478450688,28213.2246931638,0.762782279555707
F0,0,2031,SSB,smallPel,21280.5701275896,28213.2246931638,0.754276420332271
F0,0,2032,SSB,smallPel,21958.5333054688,28213.2246931638,0.778306398658128
F0,0,2033,SSB,smallPel,21555.3772755535,28213.2246931638,0.764016786807658
F0,0,2034,SSB,smallPel,20656.2470992717,28213.2246931638,0.732147683362008
F0,0,2035,SSB,smallPel,21047.1702578229,28213.2246931638,0.746003708782808
F0,0,2036,SSB,smallPel,21430.9156451295,28213.2246931638,0.759605322617457
F0,0,2037,SSB,smallPel,20892.4665589302,28213.2246931638,0.740520333501352
F0,0,2038,SSB,smallPel,20549.931170404,28213.2246931638,0.728379382147811
F0,0,2039,SSB,smallPel,21778.6021882135,28213.2246931638,0.771928853403651
F0,0,2040,SSB,smallPel,21914.7316542722,28213.2246931638,0.776753876687561
F0,0,2041,SSB,smallPel,22289.3574277961,28213.2246931638,0.790032251548931
F0,0,2042,SSB,smallPel,21861.5799680355,28213.2246931638,0.77486994860721
F0,0,2043,SSB,smallPel,21769.9056519357,28213.2246931638,0.77162061014637
F0,0,2044,SSB,smallPel,21732.228425019,28213.2246931638,0.770285164541467
F0,0,2045,SSB,smallPel,21500.1664593767,28213.2246931638,0.762059874162005
F0,0,2046,SSB,smallPel,21854.4882220977,28213.2246931638,0.77461858613394
F0,0,2047,SSB,smallPel,21550.1853532899,28213.2246931638,0.763832762389322
F0,0,2048,SSB,smallPel,20768.5120657,28213.2246931638,0.73612684446994
F0,0,2049,SSB,smallPel,21710.1777481243,28213.2246931638,0.769503592171255
F0,0,2050,SSB,smallPel,21743.2521058164,28213.2246931638,0.770675891972211
F0,0,2051,SSB,smallPel,21620.7422290567,28213.2246931638,0.766333606462773
F0,0,2052,SSB,smallPel,21486.9265486138,28213.2246931638,0.761590593854384
F0,0,2053,SSB,smallPel,22267.1180138973,28213.2246931638,0.789243989514349
F0,0,2054,SSB,smallPel,22573.3160428346,28213.2246931638,0.80009698601749
F0,0,2055,SSB,smallPel,21573.0730167503,28213.2246931638,0.764644001221796
F0,0,2056,SSB,smallPel,21689.424608806,28213.2246931638,0.768768010204147
F0,0,2057,SSB,smallPel,21064.2178947839,28213.2246931638,0.746607951550036
F0,0,2058,SSB,smallPel,21247.2450453717,28213.2246931638,0.753095233758233
F0,0,2059,SSB,smallPel,21702.3540783061,28213.2246931638,0.769226287116506
F0,0,2060,SSB,smallPel,21372.4379601345,28213.2246931638,0.757532617861764
F0,0,2061,SSB,smallPel,21658.9395108167,28213.2246931638,0.767687485084425
F0,0,2062,SSB,smallPel,20955.1706842795,28213.2246931638,0.742742841776503
F0,0,2063,SSB,smallPel,20172.0752617253,28213.2246931638,0.714986517177994
F0,0,2064,SSB,smallPel,21777.5124293408,28213.2246931638,0.771890227585987
F0,0,2065,SSB,smallPel,21738.7314079871,28213.2246931638,0.770515658681673
F0,0,2066,SSB,smallPel,21438.4677261921,28213.2246931638,0.759873001379625
F0,0,2067,SSB,smallPel,21479.8157375814,28213.2246931638,0.76133855563083
F0,0,2068,SSB,smallPel,21784.7991534161,28213.2246931638,0.772148500936679
F0,0,2069,SSB,smallPel,21952.5978929742,28213.2246931638,0.778096021696287
F0,0,2070,SSB,smallPel,21639.9219138064,28213.2246931638,0.767013418322575
F0,0,2071,SSB,smallPel,21683.4551950592,28213.2246931638,0.768556428089317
F0,0,2072,SSB,smallPel,21436.2627285164,28213.2246931638,0.759794846624199
F0,0,2073,SSB,smallPel,21880.8180732796,28213.2246931638,0.775551831144684
F0,0,2074,SSB,smallPel,21643.3790061123,28213.2246931638,0.767135952784463
F0,0,2075,SSB,smallPel,21191.5092000807,28213.2246931638,0.751119711785926
F0,0,2076,SSB,smallPel,21682.7845587625,28213.2246931638,0.768532657807683
F0,0,2077,SSB,smallPel,21058.8178701722,28213.2246931638,0.746416551074889
F0,0,2078,SSB,smallPel,20707.3240404764,28213.2246931638,0.733958073409946
F0,0,2079,SSB,smallPel,20727.9533125751,28213.2246931638,0.734689264981385
F0,0,2080,SSB,smallPel,20452.9818833044,28213.2246931638,0.724943075658428
F0,0,2081,SSB,smallPel,20396.9292359737,28213.2246931638,0.722956324837127
F0,0,2082,SSB,smallPel,21170.8953895704,28213.2246931638,0.750389068240762
F0,0,2083,SSB,smallPel,21208.2476633744,28213.2246931638,0.751712996087021
F0,0,2084,SSB,smallPel,20572.9519156332,28213.2246931638,0.729195337979859
F0,0,2085,SSB,smallPel,20386.593154543,28213.2246931638,0.722589968933356
F0,0,2086,SSB,smallPel,20415.9626817901,28213.2246931638,0.723630953349939
F0,0,2087,SSB,smallPel,20553.8749095152,28213.2246931638,0.728519165499559
F0,0,2015,SSB,largePel,33788.2946456208,28213.2246931638,1.19760484712717
F0,0,2016,SSB,largePel,33001.0856203838,28213.2246931638,1.16970271846948
F0,0,2017,SSB,largePel,34045.5329931113,28213.2246931638,1.2067224985225
F0,0,2018,SSB,largePel,35650.6580044424,28213.2246931638,1.26361514474738
F0,0,2019,SSB,largePel,35710.7264221452,28213.2246931638,1.26574423202315
F0,0,2020,SSB,largePel,35545.8926837363,28213.2246931638,1.25990180386396
F0,0,2021,SSB,largePel,35505.4847644776,28213.2246931638,1.2584695705869
F0,0,2022,SSB,largePel,35731.0192928287,28213.2246931638,1.26646350005806
F0,0,2023,SSB,largePel,35499.2519194174,28213.2246931638,1.25824865131489
F0,0,2024,SSB,largePel,34459.6249529702,28213.2246931638,1.2213997275299
F0,0,2025,SSB,largePel,34615.8671931172,28213.2246931638,1.22693763543821
F0,0,2026,SSB,largePel,35043.6985007628,28213.2246931638,1.24210184698434
F0,0,2027,SSB,largePel,35508.3046754752,28213.2246931638,1.25856952055817
F0,0,2028,SSB,largePel,35206.8582525189,28213.2246931638,1.24788494173974
F0,0,2029,SSB,largePel,34262.2748448203,28213.2246931638,1.21440477710165
F0,0,2030,SSB,largePel,33984.9181666767,28213.2246931638,1.20457404413298
F0,0,2031,SSB,largePel,33728.636291348,28213.2246931638,1.19549029429169
F0,0,2032,SSB,largePel,34184.299305994,28213.2246931638,1.21164098318322
F0,0,2033,SSB,largePel,35021.9379549072,28213.2246931638,1.24133055812628
F0,0,2034,SSB,largePel,34156.8259625716,28213.2246931638,1.21066720780939
F0,0,2035,SSB,largePel,33651.5631986076,28213.2246931638,1.19275848700704
F0,0,2036,SSB,largePel,34020.4186351337,28213.2246931638,1.2058323359037
F0,0,2037,SSB,largePel,34002.7409763081,28213.2246931638,1.20520576240784
F0,0,2038,SSB,largePel,33025.0449215945,28213.2246931638,1.17055194082783
F0,0,2039,SSB,largePel,33882.6424890969,28213.2246931638,1.20094894708392
F0,0,2040,SSB,largePel,34496.398964709,28213.2246931638,1.22270315924105
F0,0,2041,SSB,largePel,34780.2668198225,28213.2246931638,1.23276467678117
F0,0,2042,SSB,largePel,34306.9337449379,28213.2246931638,1.21598768372091
F0,0,2043,SSB,largePel,34441.802012902,28213.2246931638,1.22076800463179
F0,0,2044,SSB,largePel,34400.0301553511,28213.2246931638,1.21928742742004
F0,0,2045,SSB,largePel,34001.4850698398,28213.2246931638,1.20516124759318
F0,0,2046,SSB,largePel,33793.528481671,28213.2246931638,1.1977903571533
F0,0,2047,SSB,largePel,33625.9521012608,28213.2246931638,1.1918507177738
F0,0,2048,SSB,largePel,31914.8446026082,28213.2246931638,1.13120158896056
F0,0,2049,SSB,largePel,31848.8554865181,28213.2246931638,1.12886264625523
F0,0,2050,SSB,largePel,33361.9956573112,28213.2246931638,1.1824949476759
F0,0,2051,SSB,largePel,33935.6962395231,28213.2246931638,1.20282940389107
F0,0,2052,SSB,largePel,33108.3550810041,28213.2246931638,1.17350481701677
F0,0,2053,SSB,largePel,32486.0195061078,28213.2246931638,1.15144652408271
F0,0,2054,SSB,largePel,33575.5900514888,28213.2246931638,1.19006566660295
F0,0,2055,SSB,largePel,33719.9470310284,28213.2246931638,1.19518230892617
F0,0,2056,SSB,largePel,33284.1833731345,28213.2246931638,1.17973694021582
F0,0,2057,SSB,largePel,32405.6412654678,28213.2246931638,1.14859756791006
F0,0,2058,SSB,largePel,32155.8074684567,28213.2246931638,1.13974236614818
F0,0,2059,SSB,largePel,32488.064779851,28213.2246931638,1.15151901752383
F0,0,2060,SSB,largePel,32709.7615240933,28213.2246931638,1.15937691915165
F0,0,2061,SSB,largePel,33244.3258289407,28213.2246931638,1.17832421463669
F0,0,2062,SSB,largePel,33414.3250712434,28213.2246931638,1.18434973083172
F0,0,2063,SSB,largePel,31454.371642077,28213.2246931638,1.11488041456312
F0,0,2064,SSB,largePel,32011.6122039803,28213.2246931638,1.13463145571364
F0,0,2065,SSB,largePel,33988.1488712917,28213.2246931638,1.20468855442559
F0,0,2066,SSB,largePel,34091.5412133319,28213.2246931638,1.20835323094395
F0,0,2067,SSB,largePel,33646.7379989361,28213.2246931638,1.19258746084027
F0,0,2068,SSB,largePel,33278.0813898388,28213.2246931638,1.17952065925673
F0,0,2069,SSB,largePel,33505.7433169679,28213.2246931638,1.18758999303921
F0,0,2070,SSB,largePel,33623.4676972654,28213.2246931638,1.19176265963715
F0,0,2071,SSB,largePel,33508.528842437,28213.2246931638,1.18768872423705
F0,0,2072,SSB,largePel,33137.4681192737,28213.2246931638,1.1745367103429
F0,0,2073,SSB,largePel,33175.3093959122,28213.2246931638,1.17587797058699
F0,0,2074,SSB,largePel,32812.6718393982,28213.2246931638,1.16302451053562
F0,0,2075,SSB,largePel,32097.8516636703,28213.2246931638,1.13768815910816
F0,0,2076,SSB,largePel,32282.8040901833,28213.2246931638,1.14424368151031
F0,0,2077,SSB,largePel,32592.1371562851,28213.2246931638,1.15520779743346
F0,0,2078,SSB,largePel,32382.1178699143,28213.2246931638,1.14776379595349
F0,0,2079,SSB,largePel,32196.2226182778,28213.2246931638,1.14117485570797
F0,0,2080,SSB,largePel,31697.9882828982,28213.2246931638,1.12351525313513
F0,0,2081,SSB,largePel,30551.5713029799,28213.2246931638,1.08288122450543
F0,0,2082,SSB,largePel,31135.1922841345,28213.2246931638,1.10356730302009
F0,0,2083,SSB,largePel,32177.1756767742,28213.2246931638,1.14049974884902
F0,0,2084,SSB,largePel,31862.7066488824,28213.2246931638,1.12935359199131
F0,0,2085,SSB,largePel,31727.6169895727,28213.2246931638,1.12456542400346
F0,0,2086,SSB,largePel,31635.4057364784,28213.2246931638,1.12129705414865
F0,0,2087,SSB,largePel,31758.1449283506,28213.2246931638,1.12564746758799
F0,0,2015,SSB,demersals,1869.69088814793,28213.2246931638,0.0662700172873528
F0,0,2016,SSB,demersals,1876.60425966095,28213.2246931638,0.066515057391354
F0,0,2017,SSB,demersals,1886.78147384092,28213.2246931638,0.0668757823453657
F0,0,2018,SSB,demersals,1890.5346569872,28213.2246931638,0.0670088115608171
F0,0,2019,SSB,demersals,1893.50751654558,28213.2246931638,0.0671141826976052
F0,0,2020,SSB,demersals,1900.85069329244,28213.2246931638,0.0673744569777246
F0,0,2021,SSB,demersals,1900.55802765534,28213.2246931638,0.0673640836283368
F0,0,2022,SSB,demersals,1894.67514939159,28213.2246931638,0.0671555687092614
F0,0,2023,SSB,demersals,1888.50661661539,28213.2246931638,0.0669369289457007
F0,0,2024,SSB,demersals,1884.86062889666,28213.2246931638,0.066807699204741
F0,0,2025,SSB,demersals,1885.98169856301,28213.2246931638,0.0668474348137879
F0,0,2026,SSB,demersals,1887.63587445582,28213.2246931638,0.0669060660376482
F0,0,2027,SSB,demersals,1894.10431167024,28213.2246931638,0.0671353357253485
F0,0,2028,SSB,demersals,1899.16602038808,28213.2246931638,0.0673147448064758
F0,0,2029,SSB,demersals,1901.80234468961,28213.2246931638,0.067408187662803
F0,0,2030,SSB,demersals,1897.82614948946,28213.2246931638,0.0672672539254016
F0,0,2031,SSB,demersals,1893.46584030263,28213.2246931638,0.067112705509393
F0,0,2032,SSB,demersals,1887.11762318995,28213.2246931638,0.066887696947567
F0,0,2033,SSB,demersals,1885.45763194367,28213.2246931638,0.0668288596021613
F0,0,2034,SSB,demersals,1883.71809995151,28213.2246931638,0.0667672029850577
F0,0,2035,SSB,demersals,1880.46661152479,28213.2246931638,0.0666519560233197
F0,0,2036,SSB,demersals,1875.72840181031,28213.2246931638,0.0664840131608498
F0,0,2037,SSB,demersals,1871.69367992383,28213.2246931638,0.0663410049818714
F0,0,2038,SSB,demersals,1867.55053739248,28213.2246931638,0.0661941539013441
F0,0,2039,SSB,demersals,1862.38114391477,28213.2246931638,0.0660109280016487
F0,0,2040,SSB,demersals,1859.50155454106,28213.2246931638,0.0659088627678788
F0,0,2041,SSB,demersals,1853.61576539079,28213.2246931638,0.065700244674262
F0,0,2042,SSB,demersals,1851.43443817054,28213.2246931638,0.0656229289032373
F0,0,2043,SSB,demersals,1851.15816273873,28213.2246931638,0.0656131364943644
F0,0,2044,SSB,demersals,1850.31346171917,28213.2246931638,0.0655831965981368
F0,0,2045,SSB,demersals,1853.96275148093,28213.2246931638,0.0657125433779343
F0,0,2046,SSB,demersals,1862.06672716679,28213.2246931638,0.0659997836978194
F0,0,2047,SSB,demersals,1868.38136370368,28213.2246931638,0.0662236020172626
F0,0,2048,SSB,demersals,1873.30498467179,28213.2246931638,0.066398116664973
F0,0,2049,SSB,demersals,1874.76490409216,28213.2246931638,0.066449862590377
F0,0,2050,SSB,demersals,1874.86447221747,28213.2246931638,0.0664533917199389
F0,0,2051,SSB,demersals,1874.08749709636,28213.2246931638,0.066425852325575
F0,0,2052,SSB,demersals,1873.83399731436,28213.2246931638,0.0664168671852816
F0,0,2053,SSB,demersals,1874.51490307888,28213.2246931638,0.0664410014617396
F0,0,2054,SSB,demersals,1874.37842928633,28213.2246931638,0.0664361642340197
F0,0,2055,SSB,demersals,1874.793729838,28213.2246931638,0.0664508843008037
F0,0,2056,SSB,demersals,1878.86118176699,28213.2246931638,0.066595052575548
F0,0,2057,SSB,demersals,1888.66392831345,28213.2246931638,0.0669425047598719
F0,0,2058,SSB,demersals,1899.59100073957,28213.2246931638,0.0673298079676745
F0,0,2059,SSB,demersals,1910.39099715323,28213.2246931638,0.0677126070461604
F0,0,2060,SSB,demersals,1913.7694523585,28213.2246931638,0.0678323542654882
F0,0,2061,SSB,demersals,1909.44797968846,28213.2246931638,0.0676791823853845
F0,0,2062,SSB,demersals,1901.64200943247,28213.2246931638,0.0674025046804823
F0,0,2063,SSB,demersals,1887.24868009946,28213.2246931638,0.066892342177275
F0,0,2064,SSB,demersals,1866.55415256971,28213.2246931638,0.0661588376681377
F0,0,2065,SSB,demersals,1854.92020761329,28213.2246931638,0.0657464798081995
F0,0,2066,SSB,demersals,1848.96212552834,28213.2246931638,0.0655352993369935
F0,0,2067,SSB,demersals,1846.8331840599,28213.2246931638,0.0654598403459848
F0,0,2068,SSB,demersals,1850.8759389976,28213.2246931638,0.0656031332514101
F0,0,2069,SSB,demersals,1862.37963596083,28213.2246931638,0.0660108745531698
F0,0,2070,SSB,demersals,1872.82901560925,28213.2246931638,0.0663812462409889
F0,0,2071,SSB,demersals,1879.26980023134,28213.2246931638,0.0666095357999506
F0,0,2072,SSB,demersals,1881.61434626563,28213.2246931638,0.0666926367591562
F0,0,2073,SSB,demersals,1883.19943768936,28213.2246931638,0.0667488193274719
F0,0,2074,SSB,demersals,1881.59290472323,28213.2246931638,0.0666918767771752
F0,0,2075,SSB,demersals,1873.13234447701,28213.2246931638,0.0663919975418789
F0,0,2076,SSB,demersals,1866.43622013671,28213.2246931638,0.0661546576272424
F0,0,2077,SSB,demersals,1867.76696729862,28213.2246931638,0.0662018251232088
F0,0,2078,SSB,demersals,1867.28975926729,28213.2246931638,0.0661849107847551
F0,0,2079,SSB,demersals,1869.18583285101,28213.2246931638,0.0662521159200891
F0,0,2080,SSB,demersals,1875.27312807344,28213.2246931638,0.066467876269664
F0,0,2081,SSB,demersals,1882.2146792496,28213.2246931638,0.0667139151840969
F0,0,2082,SSB,demersals,1884.61793285766,28213.2246931638,0.0667990969963214
F0,0,2083,SSB,demersals,1877.29792496025,28213.2246931638,0.0665396439214953
F0,0,2084,SSB,demersals,1868.45337568737,28213.2246931638,0.066226154436721
F0,0,2085,SSB,demersals,1866.48927487149,28213.2246931638,0.0661565381189393
F0,0,2086,SSB,demersals,1862.73932358301,28213.2246931638,0.0660236234546546
F0,0,2087,SSB,demersals,1855.96976764127,28213.2246931638,0.0657836808031017
F0,0,2015,Yield,smallPel,0,28213.2246931638,0
F0,0,2016,Yield,smallPel,0,28213.2246931638,0
F0,0,2017,Yield,smallPel,0,28213.2246931638,0
F0,0,2018,Yield,smallPel,0,28213.2246931638,0
F0,0,2019,Yield,smallPel,0,28213.2246931638,0
F0,0,2020,Yield,smallPel,0,28213.2246931638,0
F0,0,2021,Yield,smallPel,0,28213.2246931638,0
F0,0,2022,Yield,smallPel,0,28213.2246931638,0
F0,0,2023,Yield,smallPel,0,28213.2246931638,0
F0,0,2024,Yield,smallPel,0,28213.2246931638,0
F0,0,2025,Yield,smallPel,0,28213.2246931638,0
F0,0,2026,Yield,smallPel,0,28213.2246931638,0
F0,0,2027,Yield,smallPel,0,28213.2246931638,0
F0,0,2028,Yield,smallPel,0,28213.2246931638,0
F0,0,2029,Yield,smallPel,0,28213.2246931638,0
F0,0,2030,Yield,smallPel,0,28213.2246931638,0
F0,0,2031,Yield,smallPel,0,28213.2246931638,0
F0,0,2032,Yield,smallPel,0,28213.2246931638,0
F0,0,2033,Yield,smallPel,0,28213.2246931638,0
F0,0,2034,Yield,smallPel,0,28213.2246931638,0
F0,0,2035,Yield,smallPel,0,28213.2246931638,0
F0,0,2036,Yield,smallPel,0,28213.2246931638,0
F0,0,2037,Yield,smallPel,0,28213.2246931638,0
F0,0,2038,Yield,smallPel,0,28213.2246931638,0
F0,0,2039,Yield,smallPel,0,28213.2246931638,0
F0,0,2040,Yield,smallPel,0,28213.2246931638,0
F0,0,2041,Yield,smallPel,0,28213.2246931638,0
F0,0,2042,Yield,smallPel,0,28213.2246931638,0
F0,0,2043,Yield,smallPel,0,28213.2246931638,0
F0,0,2044,Yield,smallPel,0,28213.2246931638,0
F0,0,2045,Yield,smallPel,0,28213.2246931638,0
F0,0,2046,Yield,smallPel,0,28213.2246931638,0
F0,0,2047,Yield,smallPel,0,28213.2246931638,0
F0,0,2048,Yield,smallPel,0,28213.2246931638,0
F0,0,2049,Yield,smallPel,0,28213.2246931638,0
F0,0,2050,Yield,smallPel,0,28213.2246931638,0
F0,0,2051,Yield,smallPel,0,28213.2246931638,0
F0,0,2052,Yield,smallPel,0,28213.2246931638,0
F0,0,2053,Yield,smallPel,0,28213.2246931638,0
F0,0,2054,Yield,smallPel,0,28213.2246931638,0
F0,0,2055,Yield,smallPel,0,28213.2246931638,0
F0,0,2056,Yield,smallPel,0,28213.2246931638,0
F0,0,2057,Yield,smallPel,0,28213.2246931638,0
F0,0,2058,Yield,smallPel,0,28213.2246931638,0
F0,0,2059,Yield,smallPel,0,28213.2246931638,0
F0,0,2060,Yield,smallPel,0,28213.2246931638,0
F0,0,2061,Yield,smallPel,0,28213.2246931638,0
F0,0,2062,Yield,smallPel,0,28213.2246931638,0
F0,0,2063,Yield,smallPel,0,28213.2246931638,0
F0,0,2064,Yield,smallPel,0,28213.2246931638,0
F0,0,2065,Yield,smallPel,0,28213.2246931638,0
F0,0,2066,Yield,smallPel,0,28213.2246931638,0
F0,0,2067,Yield,smallPel,0,28213.2246931638,0
F0,0,2068,Yield,smallPel,0,28213.2246931638,0
F0,0,2069,Yield,smallPel,0,28213.2246931638,0
F0,0,2070,Yield,smallPel,0,28213.2246931638,0
F0,0,2071,Yield,smallPel,0,28213.2246931638,0
F0,0,2072,Yield,smallPel,0,28213.2246931638,0
F0,0,2073,Yield,smallPel,0,28213.2246931638,0
F0,0,2074,Yield,smallPel,0,28213.2246931638,0
F0,0,2075,Yield,smallPel,0,28213.2246931638,0
F0,0,2076,Yield,smallPel,0,28213.2246931638,0
F0,0,2077,Yield,smallPel,0,28213.2246931638,0
F0,0,2078,Yield,smallPel,0,28213.2246931638,0
F0,0,2079,Yield,smallPel,0,28213.2246931638,0
F0,0,2080,Yield,smallPel,0,28213.2246931638,0
F0,0,2081,Yield,smallPel,0,28213.2246931638,0
F0,0,2082,Yield,smallPel,0,28213.2246931638,0
F0,0,2083,Yield,smallPel,0,28213.2246931638,0
F0,0,2084,Yield,smallPel,0,28213.2246931638,0
F0,0,2085,Yield,smallPel,0,28213.2246931638,0
F0,0,2086,Yield,smallPel,0,28213.2246931638,0
F0,0,2087,Yield,smallPel,0,28213.2246931638,0
F0,0,2015,Yield,largePel,0,28213.2246931638,0
F0,0,2016,Yield,largePel,0,28213.2246931638,0
F0,0,2017,Yield,largePel,0,28213.2246931638,0
F0,0,2018,Yield,largePel,0,28213.2246931638,0
F0,0,2019,Yield,largePel,0,28213.2246931638,0
F0,0,2020,Yield,largePel,0,28213.2246931638,0
F0,0,2021,Yield,largePel,0,28213.2246931638,0
F0,0,2022,Yield,largePel,0,28213.2246931638,0
F0,0,2023,Yield,largePel,0,28213.2246931638,0
F0,0,2024,Yield,largePel,0,28213.2246931638,0
F0,0,2025,Yield,largePel,0,28213.2246931638,0
F0,0,2026,Yield,largePel,0,28213.2246931638,0
F0,0,2027,Yield,largePel,0,28213.2246931638,0
F0,0,2028,Yield,largePel,0,28213.2246931638,0
F0,0,2029,Yield,largePel,0,28213.2246931638,0
F0,0,2030,Yield,largePel,0,28213.2246931638,0
F0,0,2031,Yield,largePel,0,28213.2246931638,0
F0,0,2032,Yield,largePel,0,28213.2246931638,0
F0,0,2033,Yield,largePel,0,28213.2246931638,0
F0,0,2034,Yield,largePel,0,28213.2246931638,0
F0,0,2035,Yield,largePel,0,28213.2246931638,0
F0,0,2036,Yield,largePel,0,28213.2246931638,0
F0,0,2037,Yield,largePel,0,28213.2246931638,0
F0,0,2038,Yield,largePel,0,28213.2246931638,0
F0,0,2039,Yield,largePel,0,28213.2246931638,0
F0,0,2040,Yield,largePel,0,28213.2246931638,0
F0,0,2041,Yield,largePel,0,28213.2246931638,0
F0,0,2042,Yield,largePel,0,28213.2246931638,0
F0,0,2043,Yield,largePel,0,28213.2246931638,0
F0,0,2044,Yield,largePel,0,28213.2246931638,0
F0,0,2045,Yield,largePel,0,28213.2246931638,0
F0,0,2046,Yield,largePel,0,28213.2246931638,0
F0,0,2047,Yield,largePel,0,28213.2246931638,0
F0,0,2048,Yield,largePel,0,28213.2246931638,0
F0,0,2049,Yield,largePel,0,28213.2246931638,0
F0,0,2050,Yield,largePel,0,28213.2246931638,0
F0,0,2051,Yield,largePel,0,28213.2246931638,0
F0,0,2052,Yield,largePel,0,28213.2246931638,0
F0,0,2053,Yield,largePel,0,28213.2246931638,0
F0,0,2054,Yield,largePel,0,28213.2246931638,0
F0,0,2055,Yield,largePel,0,28213.2246931638,0
F0,0,2056,Yield,largePel,0,28213.2246931638,0
F0,0,2057,Yield,largePel,0,28213.2246931638,0
F0,0,2058,Yield,largePel,0,28213.2246931638,0
F0,0,2059,Yield,largePel,0,28213.2246931638,0
F0,0,2060,Yield,largePel,0,28213.2246931638,0
F0,0,2061,Yield,largePel,0,28213.2246931638,0
F0,0,2062,Yield,largePel,0,28213.2246931638,0
F0,0,2063,Yield,largePel,0,28213.2246931638,0
F0,0,2064,Yield,largePel,0,28213.2246931638,0
F0,0,2065,Yield,largePel,0,28213.2246931638,0
F0,0,2066,Yield,largePel,0,28213.2246931638,0
F0,0,2067,Yield,largePel,0,28213.2246931638,0
F0,0,2068,Yield,largePel,0,28213.2246931638,0
F0,0,2069,Yield,largePel,0,28213.2246931638,0
F0,0,2070,Yield,largePel,0,28213.2246931638,0
F0,0,2071,Yield,largePel,0,28213.2246931638,0
F0,0,2072,Yield,largePel,0,28213.2246931638,0
F0,0,2073,Yield,largePel,0,28213.2246931638,0
F0,0,2074,Yield,largePel,0,28213.2246931638,0
F0,0,2075,Yield,largePel,0,28213.2246931638,0
F0,0,2076,Yield,largePel,0,28213.2246931638,0
F0,0,2077,Yield,largePel,0,28213.2246931638,0
F0,0,2078,Yield,largePel,0,28213.2246931638,0
F0,0,2079,Yield,largePel,0,28213.2246931638,0
F0,0,2080,Yield,largePel,0,28213.2246931638,0
F0,0,2081,Yield,largePel,0,28213.2246931638,0
F0,0,2082,Yield,largePel,0,28213.2246931638,0
F0,0,2083,Yield,largePel,0,28213.2246931638,0
F0,0,2084,Yield,largePel,0,28213.2246931638,0
F0,0,2085,Yield,largePel,0,28213.2246931638,0
F0,0,2086,Yield,largePel,0,28213.2246931638,0
F0,0,2087,Yield,largePel,0,28213.2246931638,0
F0,0,2015,Yield,demersals,0,28213.2246931638,0
F0,0,2016,Yield,demersals,0,28213.2246931638,0
F0,0,2017,Yield,demersals,0,28213.2246931638,0
F0,0,2018,Yield,demersals,0,28213.2246931638,0
F0,0,2019,Yield,demersals,0,28213.2246931638,0
F0,0,2020,Yield,demersals,0,28213.2246931638,0
F0,0,2021,Yield,demersals,0,28213.2246931638,0
F0,0,2022,Yield,demersals,0,28213.2246931638,0
F0,0,2023,Yield,demersals,0,28213.2246931638,0
F0,0,2024,Yield,demersals,0,28213.2246931638,0
F0,0,2025,Yield,demersals,0,28213.2246931638,0
F0,0,2026,Yield,demersals,0,28213.2246931638,0
F0,0,2027,Yield,demersals,0,28213.2246931638,0
F0,0,2028,Yield,demersals,0,28213.2246931638,0
F0,0,2029,Yield,demersals,0,28213.2246931638,0
F0,0,2030,Yield,demersals,0,28213.2246931638,0
F0,0,2031,Yield,demersals,0,28213.2246931638,0
F0,0,2032,Yield,demersals,0,28213.2246931638,0
F0,0,2033,Yield,demersals,0,28213.2246931638,0
F0,0,2034,Yield,demersals,0,28213.2246931638,0
F0,0,2035,Yield,demersals,0,28213.2246931638,0
F0,0,2036,Yield,demersals,0,28213.2246931638,0
F0,0,2037,Yield,demersals,0,28213.2246931638,0
F0,0,2038,Yield,demersals,0,28213.2246931638,0
F0,0,2039,Yield,demersals,0,28213.2246931638,0
F0,0,2040,Yield,demersals,0,28213.2246931638,0
F0,0,2041,Yield,demersals,0,28213.2246931638,0
F0,0,2042,Yield,demersals,0,28213.2246931638,0
F0,0,2043,Yield,demersals,0,28213.2246931638,0
F0,0,2044,Yield,demersals,0,28213.2246931638,0
F0,0,2045,Yield,demersals,0,28213.2246931638,0
F0,0,2046,Yield,demersals,0,28213.2246931638,0
F0,0,2047,Yield,demersals,0,28213.2246931638,0
F0,0,2048,Yield,demersals,0,28213.2246931638,0
F0,0,2049,Yield,demersals,0,28213.2246931638,0
F0,0,2050,Yield,demersals,0,28213.2246931638,0
F0,0,2051,Yield,demersals,0,28213.2246931638,0
F0,0,2052,Yield,demersals,0,28213.2246931638,0
F0,0,2053,Yield,demersals,0,28213.2246931638,0
F0,0,2054,Yield,demersals,0,28213.2246931638,0
F0,0,2055,Yield,demersals,0,28213.2246931638,0
F0,0,2056,Yield,demersals,0,28213.2246931638,0
F0,0,2057,Yield,demersals,0,28213.2246931638,0
F0,0,2058,Yield,demersals,0,28213.2246931638,0
F0,0,2059,Yield,demersals,0,28213.2246931638,0
F0,0,2060,Yield,demersals,0,28213.2246931638,0
F0,0,2061,Yield,demersals,0,28213.2246931638,0
F0,0,2062,Yield,demersals,0,28213.2246931638,0
F0,0,2063,Yield,demersals,0,28213.2246931638,0
F0,0,2064,Yield,demersals,0,28213.2246931638,0
F0,0,2065,Yield,demersals,0,28213.2246931638,0
F0,0,2066,Yield,demersals,0,28213.2246931638,0
F0,0,2067,Yield,demersals,0,28213.2246931638,0
F0,0,2068,Yield,demersals,0,28213.2246931638,0
F0,0,2069,Yield,demersals,0,28213.2246931638,0
F0,0,2070,Yield,demersals,0,28213.2246931638,0
F0,0,2071,Yield,demersals,0,28213.2246931638,0
F0,0,2072,Yield,demersals,0,28213.2246931638,0
F0,0,2073,Yield,demersals,0,28213.2246931638,0
F0,0,2074,Yield,demersals,0,28213.2246931638,0
F0,0,2075,Yield,demersals,0,28213.2246931638,0
F0,0,2076,Yield,demersals,0,28213.2246931638,0
F0,0,2077,Yield,demersals,0,28213.2246931638,0
F0,0,2078,Yield,demersals,0,28213.2246931638,0
F0,0,2079,Yield,demersals,0,28213.2246931638,0
F0,0,2080,Yield,demersals,0,28213.2246931638,0
F0,0,2081,Yield,demersals,0,28213.2246931638,0
F0,0,2082,Yield,demersals,0,28213.2246931638,0
F0,0,2083,Yield,demersals,0,28213.2246931638,0
F0,0,2084,Yield,demersals,0,28213.2246931638,0
F0,0,2085,Yield,demersals,0,28213.2246931638,0
F0,0,2086,Yield,demersals,0,28213.2246931638,0
F0,0,2087,Yield,demersals,0,28213.2246931638,0
F0,0,2015,SSB,total,57768.7799734841,28213.2246931638,2.04757806318686
F0,0,2016,SSB,total,56501.6380660746,28213.2246931638,2.00266501545161
F0,0,2017,SSB,total,58143.0878073438,28213.2246931638,2.06084516887686
F0,0,2018,SSB,total,59868.518926768,28213.2246931638,2.1220019894172
F0,0,2019,SSB,total,59128.3962730781,28213.2246931638,2.09576880757645
F0,0,2020,SSB,total,59042.6564092458,28213.2246931638,2.0927298120428
F0,0,2021,SSB,total,59227.5744625649,28213.2246931638,2.09928411610872
F0,0,2022,SSB,total,59628.4142731866,28213.2246931638,2.11349163102348
F0,0,2023,SSB,total,58953.3168994776,28213.2246931638,2.08956322932353
F0,0,2024,SSB,total,57763.5692069114,28213.2246931638,2.04739337084385
F0,0,2025,SSB,total,58383.8786794098,28213.2246931638,2.06937984985306
F0,0,2026,SSB,total,58748.5509988386,28213.2246931638,2.08230543079585
F0,0,2027,SSB,total,59081.9962062756,28213.2246931638,2.09412418639942
F0,0,2028,SSB,total,58320.9709913434,28213.2246931638,2.06715012642546
F0,0,2029,SSB,total,57085.8965509696,28213.2246931638,2.02337368988529
F0,0,2030,SSB,total,57403.2921612349,28213.2246931638,2.03462357761409
F0,0,2031,SSB,total,56902.6722592403,28213.2246931638,2.01687942013336
F0,0,2032,SSB,total,58029.9502346529,28213.2246931638,2.05683507878892
F0,0,2033,SSB,total,58462.7728624043,28213.2246931638,2.0721762045361
F0,0,2034,SSB,total,56696.7911617948,28213.2246931638,2.00958209415646
F0,0,2035,SSB,total,56579.2000679553,28213.2246931638,2.00541415181317
F0,0,2036,SSB,total,57327.0626820734,28213.2246931638,2.03192167168201
F0,0,2037,SSB,total,56766.9012151621,28213.2246931638,2.01206710089106
F0,0,2038,SSB,total,55442.5266293911,28213.2246931638,1.96512547687699
F0,0,2039,SSB,total,57523.6258212251,28213.2246931638,2.03888872848921
F0,0,2040,SSB,total,58270.6321735222,28213.2246931638,2.06536589869649
F0,0,2041,SSB,total,58923.2400130093,28213.2246931638,2.08849717300436
F0,0,2042,SSB,total,58019.9481511439,28213.2246931638,2.05648056123136
F0,0,2043,SSB,total,58062.8658275764,28213.2246931638,2.05800175127253
F0,0,2044,SSB,total,57982.5720420893,28213.2246931638,2.05515578855964
F0,0,2045,SSB,total,57355.6142806975,28213.2246931638,2.03293366513311
F0,0,2046,SSB,total,57510.0834309355,28213.2246931638,2.03840872698506
F0,0,2047,SSB,total,57044.5188182544,28213.2246931638,2.02190708218039
F0,0,2048,SSB,total,54556.6616529801,28213.2246931638,1.93372655009548
F0,0,2049,SSB,total,55433.7981387346,28213.2246931638,1.96481610101686
F0,0,2050,SSB,total,56980.1122353451,28213.2246931638,2.01962423136805
F0,0,2051,SSB,total,57430.5259656762,28213.2246931638,2.03558886267942
F0,0,2052,SSB,total,56469.1156269322,28213.2246931638,2.00151227805643
F0,0,2053,SSB,total,56627.652423084,28213.2246931638,2.0071315150588
F0,0,2054,SSB,total,58023.2845236096,28213.2246931638,2.05659881685446
F0,0,2055,SSB,total,57167.8137776167,28213.2246931638,2.02627719444877
F0,0,2056,SSB,total,56852.4691637075,28213.2246931638,2.01510000299552
F0,0,2057,SSB,total,55358.5230885652,28213.2246931638,1.96214802421996
F0,0,2058,SSB,total,55302.643514568,28213.2246931638,1.96016740787409
F0,0,2059,SSB,total,56100.8098553103,28213.2246931638,1.9884579116865
F0,0,2060,SSB,total,55995.9689365864,28213.2246931638,1.9847418912789
F0,0,2061,SSB,total,56812.7133194459,28213.2246931638,2.0136908821065
F0,0,2062,SSB,total,56271.1377649553,28213.2246931638,1.99449507728871
F0,0,2063,SSB,total,53513.6955839017,28213.2246931638,1.89675927391839
F0,0,2064,SSB,total,55655.6787858907,28213.2246931638,1.97268052096776
F0,0,2065,SSB,total,57581.8004868921,28213.2246931638,2.04095069291546
F0,0,2066,SSB,total,57378.9710650524,28213.2246931638,2.03376153166057
F0,0,2067,SSB,total,56973.3869205774,28213.2246931638,2.01938585681708
F0,0,2068,SSB,total,56913.7564822525,28213.2246931638,2.01727229344482
F0,0,2069,SSB,total,57320.7208459029,28213.2246931638,2.03169688928866
F0,0,2070,SSB,total,57136.2186266811,28213.2246931638,2.02515732420071
F0,0,2071,SSB,total,57071.2538377276,28213.2246931638,2.02285468812632
F0,0,2072,SSB,total,56455.3451940558,28213.2246931638,2.00102419372626
F0,0,2073,SSB,total,56939.3269068811,28213.2246931638,2.01817862105914
F0,0,2074,SSB,total,56337.6437502339,28213.2246931638,1.99685234009726
F0,0,2075,SSB,total,55162.493208228,28213.2246931638,1.95519986843596
F0,0,2076,SSB,total,55832.0248690825,28213.2246931638,1.97893099694524
F0,0,2077,SSB,total,55518.7219937559,28213.2246931638,1.96782617363156
F0,0,2078,SSB,total,54956.731669658,28213.2246931638,1.94790678014819
F0,0,2079,SSB,total,54793.3617637039,28213.2246931638,1.94211623660945
F0,0,2080,SSB,total,54026.243294276,28213.2246931638,1.91492620506322
F0,0,2081,SSB,total,52830.7152182033,28213.2246931638,1.87255146452665
F0,0,2082,SSB,total,54190.7056065626,28213.2246931638,1.92075546825717
F0,0,2083,SSB,total,55262.7212651089,28213.2246931638,1.95875238885753
F0,0,2084,SSB,total,54304.111940203,28213.2246931638,1.92477508440789
F0,0,2085,SSB,total,53980.6994189872,28213.2246931638,1.91331193105576
F0,0,2086,SSB,total,53914.1077418516,28213.2246931638,1.91095163095324
F0,0,2087,SSB,total,54167.9896055072,28213.2246931638,1.91995031389065
F0,0,2015,Yield,total,0,28213.2246931638,0
F0,0,2016,Yield,total,0,28213.2246931638,0
F0,0,2017,Yield,total,0,28213.2246931638,0
F0,0,2018,Yield,total,0,28213.2246931638,0
F0,0,2019,Yield,total,0,28213.2246931638,0
F0,0,2020,Yield,total,0,28213.2246931638,0
F0,0,2021,Yield,total,0,28213.2246931638,0
F0,0,2022,Yield,total,0,28213.2246931638,0
F0,0,2023,Yield,total,0,28213.2246931638,0
F0,0,2024,Yield,total,0,28213.2246931638,0
F0,0,2025,Yield,total,0,28213.2246931638,0
F0,0,2026,Yield,total,0,28213.2246931638,0
F0,0,2027,Yield,total,0,28213.2246931638,0
F0,0,2028,Yield,total,0,28213.2246931638,0
F0,0,2029,Yield,total,0,28213.2246931638,0
F0,0,2030,Yield,total,0,28213.2246931638,0
F0,0,2031,Yield,total,0,28213.2246931638,0
F0,0,2032,Yield,total,0,28213.2246931638,0
F0,0,2033,Yield,total,0,28213.2246931638,0
F0,0,2034,Yield,total,0,28213.2246931638,0
F0,0,2035,Yield,total,0,28213.2246931638,0
F0,0,2036,Yield,total,0,28213.2246931638,0
F0,0,2037,Yield,total,0,28213.2246931638,0
F0,0,2038,Yield,total,0,28213.2246931638,0
F0,0,2039,Yield,total,0,28213.2246931638,0
F0,0,2040,Yield,total,0,28213.2246931638,0
F0,0,2041,Yield,total,0,28213.2246931638,0
F0,0,2042,Yield,total,0,28213.2246931638,0
F0,0,2043,Yield,total,0,28213.2246931638,0
F0,0,2044,Yield,total,0,28213.2246931638,0
F0,0,2045,Yield,total,0,28213.2246931638,0
F0,0,2046,Yield,total,0,28213.2246931638,0
F0,0,2047,Yield,total,0,28213.2246931638,0
F0,0,2048,Yield,total,0,28213.2246931638,0
F0,0,2049,Yield,total,0,28213.2246931638,0
F0,0,2050,Yield,total,0,28213.2246931638,0
F0,0,2051,Yield,total,0,28213.2246931638,0
F0,0,2052,Yield,total,0,28213.2246931638,0
F0,0,2053,Yield,total,0,28213.2246931638,0
F0,0,2054,Yield,total,0,28213.2246931638,0
F0,0,2055,Yield,total,0,28213.2246931638,0
F0,0,2056,Yield,total,0,28213.2246931638,0
F0,0,2057,Yield,total,0,28213.2246931638,0
F0,0,2058,Yield,total,0,28213.2246931638,0
F0,0,2059,Yield,total,0,28213.2246931638,0
F0,0,2060,Yield,total,0,28213.2246931638,0
F0,0,2061,Yield,total,0,28213.2246931638,0
F0,0,2062,Yield,total,0,28213.2246931638,0
F0,0,2063,Yield,total,0,28213.2246931638,0
F0,0,2064,Yield,total,0,28213.2246931638,0
F0,0,2065,Yield,total,0,28213.2246931638,0
F0,0,2066,Yield,total,0,28213.2246931638,0
F0,0,2067,Yield,total,0,28213.2246931638,0
F0,0,2068,Yield,total,0,28213.2246931638,0
F0,0,2069,Yield,total,0,28213.2246931638,0
F0,0,2070,Yield,total,0,28213.2246931638,0
F0,0,2071,Yield,total,0,28213.2246931638,0
F0,0,2072,Yield,total,0,28213.2246931638,0
F0,0,2073,Yield,total,0,28213.2246931638,0
F0,0,2074,Yield,total,0,28213.2246931638,0
F0,0,2075,Yield,total,0,28213.2246931638,0
F0,0,2076,Yield,total,0,28213.2246931638,0
F0,0,2077,Yield,total,0,28213.2246931638,0
F0,0,2078,Yield,total,0,28213.2246931638,0
F0,0,2079,Yield,total,0,28213.2246931638,0
F0,0,2080,Yield,total,0,28213.2246931638,0
F0,0,2081,Yield,total,0,28213.2246931638,0
F0,0,2082,Yield,total,0,28213.2246931638,0
F0,0,2083,Yield,total,0,28213.2246931638,0
F0,0,2084,Yield,total,0,28213.2246931638,0
F0,0,2085,Yield,total,0,28213.2246931638,0
F0,0,2086,Yield,total,0,28213.2246931638,0
F0,0,2087,Yield,total,0,28213.2246931638,0
F040,0.4,2015,SSB,smallPel,19370.8557252203,28213.2246931638,0.686587794762573
F040,0.4,2016,SSB,smallPel,18912.4450254191,28213.2246931638,0.670339715899322
F040,0.4,2017,SSB,smallPel,19644.0154960148,28213.2246931638,0.696269770990575
F040,0.4,2018,SSB,smallPel,19866.0196898537,28213.2246931638,0.704138569975923
F040,0.4,2019,SSB,smallPel,18968.3030693137,28213.2246931638,0.672319569124258
F040,0.4,2020,SSB,smallPel,19139.0996475478,28213.2246931638,0.678373346389762
F040,0.4,2021,SSB,smallPel,19400.6998038553,28213.2246931638,0.687645599354556
F040,0.4,2022,SSB,smallPel,19627.8875910708,28213.2246931638,0.695698127546077
F040,0.4,2023,SSB,smallPel,19129.9859926793,28213.2246931638,0.678050318626449
F040,0.4,2024,SSB,smallPel,19119.5689603464,28213.2246931638,0.677681093468878
F040,0.4,2025,SSB,smallPel,19502.3992963536,28213.2246931638,0.691250273885891
F040,0.4,2026,SSB,smallPel,19459.4018392452,28213.2246931638,0.689726256068856
F040,0.4,2027,SSB,smallPel,19358.3952134708,28213.2246931638,0.686146139762658
F040,0.4,2028,SSB,smallPel,18723.1846502128,28213.2246931638,0.663631500965913
F040,0.4,2029,SSB,smallPel,18553.1135200629,28213.2246931638,0.657603436751364
F040,0.4,2030,SSB,smallPel,19252.1431863247,28213.2246931638,0.682380103504781
F040,0.4,2031,SSB,smallPel,19024.0396971536,28213.2246931638,0.674295118833518
F040,0.4,2032,SSB,smallPel,19943.2493500173,28213.2246931638,0.706875926694394
F040,0.4,2033,SSB,smallPel,19276.6017121342,28213.2246931638,0.683247020564971
F040,0.4,2034,SSB,smallPel,18376.5086972212,28213.2246931638,0.65134378990977
F040,0.4,2035,SSB,smallPel,19057.5822427681,28213.2246931638,0.675484013260839
F040,0.4,2036,SSB,smallPel,19409.7712800165,28213.2246931638,0.687967132120123
F040,0.4,2037,SSB,smallPel,18714.177210494,28213.2246931638,0.663312237931757
F040,0.4,2038,SSB,smallPel,18525.9389957466,28213.2246931638,0.656640252832763
F040,0.4,2039,SSB,smallPel,19755.3815690003,28213.2246931638,0.700217071385927
F040,0.4,2040,SSB,smallPel,19529.9221609964,28213.2246931638,0.692225804508218
F040,0.4,2041,SSB,smallPel,19838.989474018,28213.2246931638,0.703180500980633
F040,0.4,2042,SSB,smallPel,19391.9733762551,28213.2246931638,0.687336296618157
F040,0.4,2043,SSB,smallPel,19352.5542726759,28213.2246931638,0.685939111290781
F040,0.4,2044,SSB,smallPel,19269.854413241,28213.2246931638,0.683007866800502
F040,0.4,2045,SSB,smallPel,19000.3070777682,28213.2246931638,0.673453931069853
F040,0.4,2046,SSB,smallPel,19449.4160441378,28213.2246931638,0.689372315843445
F040,0.4,2047,SSB,smallPel,19202.8529792647,28213.2246931638,0.680633043124547
F040,0.4,2048,SSB,smallPel,18091.4073028957,28213.2246931638,0.641238550348318
F040,0.4,2049,SSB,smallPel,19458.1603595842,28213.2246931638,0.6896822526033
F040,0.4,2050,SSB,smallPel,19298.7267050989,28213.2246931638,0.684031227021528
F040,0.4,2051,SSB,smallPel,19150.0806196967,28213.2246931638,0.678762560039331
F040,0.4,2052,SSB,smallPel,18764.143202648,28213.2246931638,0.665083251089503
F040,0.4,2053,SSB,smallPel,19690.5371810941,28213.2246931638,0.69791870285091
F040,0.4,2054,SSB,smallPel,19912.6560123863,28213.2246931638,0.705791565088669
F040,0.4,2055,SSB,smallPel,18855.3864134409,28213.2246931638,0.668317309293952
F040,0.4,2056,SSB,smallPel,19105.5091285142,28213.2246931638,0.677182751574783
F040,0.4,2057,SSB,smallPel,18404.539594396,28213.2246931638,0.652337327425588
F040,0.4,2058,SSB,smallPel,18784.4549101912,28213.2246931638,0.665803186785054
F040,0.4,2059,SSB,smallPel,19295.7028488582,28213.2246931638,0.683924048339418
F040,0.4,2060,SSB,smallPel,18875.1191810368,28213.2246931638,0.669016724827288
F040,0.4,2061,SSB,smallPel,19310.7337249578,28213.2246931638,0.684456808286679
F040,0.4,2062,SSB,smallPel,18487.015202364,28213.2246931638,0.655260623463702
F040,0.4,2063,SSB,smallPel,17577.8333008527,28213.2246931638,0.623035242940944
F040,0.4,2064,SSB,smallPel,19401.5664452415,28213.2246931638,0.687676316913275
F040,0.4,2065,SSB,smallPel,19126.4840753008,28213.2246931638,0.677926195368062
F040,0.4,2066,SSB,smallPel,18833.6965656589,28213.2246931638,0.66754852628464
F040,0.4,2067,SSB,smallPel,18982.3697369652,28213.2246931638,0.672818153309671
F040,0.4,2068,SSB,smallPel,19347.6515487033,28213.2246931638,0.68576533732393
F040,0.4,2069,SSB,smallPel,19639.7052963399,28213.2246931638,0.696116998674693
F040,0.4,2070,SSB,smallPel,19283.3339530706,28213.2246931638,0.683485640609636
F040,0.4,2071,SSB,smallPel,19417.1545438923,28213.2246931638,0.688228827263309
F040,0.4,2072,SSB,smallPel,19133.7284842415,28213.2246931638,0.678182968885428
F040,0.4,2073,SSB,smallPel,19433.0456413653,28213.2246931638,0.688792077215975
F040,0.4,2074,SSB,smallPel,19125.1431417081,28213.2246931638,0.677878666820467
F040,0.4,2075,SSB,smallPel,18726.2061589652,28213.2246931638,0.663738596442775
F040,0.4,2076,SSB,smallPel,19405.1152767232,28213.2246931638,0.687802103012533
F040,0.4,2077,SSB,smallPel,18666.793543872,28213.2246931638,0.661632753677925
F040,0.4,2078,SSB,smallPel,18546.1956325578,28213.2246931638,0.657358236580865
F040,0.4,2079,SSB,smallPel,18587.2737482651,28213.2246931638,0.658814224549417
F040,0.4,2080,SSB,smallPel,18126.0357224731,28213.2246931638,0.64246593289512
F040,0.4,2081,SSB,smallPel,18087.9707355624,28213.2246931638,0.641116743381173
F040,0.4,2082,SSB,smallPel,19046.9537599594,28213.2246931638,0.67510729337418
F040,0.4,2083,SSB,smallPel,19050.1396343291,28213.2246931638,0.675220214686945
F040,0.4,2084,SSB,smallPel,18252.1036028582,28213.2246931638,0.646934329604684
F040,0.4,2085,SSB,smallPel,18279.8187400329,28213.2246931638,0.647916675205943
F040,0.4,2086,SSB,smallPel,18355.9520042731,28213.2246931638,0.650615170860665
F040,0.4,2087,SSB,smallPel,18566.7176150194,28213.2246931638,0.65808562533861
F040,0.4,2015,SSB,largePel,12678.3681592488,28213.2246931638,0.449376783304068
F040,0.4,2016,SSB,largePel,11991.5780797091,28213.2246931638,0.425033941001956
F040,0.4,2017,SSB,largePel,12678.0594426728,28213.2246931638,0.449365841039249
F040,0.4,2018,SSB,largePel,13647.2361939943,28213.2246931638,0.48371770127011
F040,0.4,2019,SSB,largePel,13436.6845552012,28213.2246931638,0.476254830893435
F040,0.4,2020,SSB,largePel,13204.9370411155,28213.2246931638,0.468040686051573
F040,0.4,2021,SSB,largePel,13148.3935094033,28213.2246931638,0.46603653614219
F040,0.4,2022,SSB,largePel,13247.3608798513,28213.2246931638,0.469544372326259
F040,0.4,2023,SSB,largePel,13055.3620372294,28213.2246931638,0.462739094138103
F040,0.4,2024,SSB,largePel,12439.4641594438,28213.2246931638,0.440908981328107
F040,0.4,2025,SSB,largePel,12667.1254025993,28213.2246931638,0.448978290867567
F040,0.4,2026,SSB,largePel,13084.5979847206,28213.2246931638,0.463775343904275
F040,0.4,2027,SSB,largePel,13394.3285121009,28213.2246931638,0.474753547592397
F040,0.4,2028,SSB,largePel,13125.6491674875,28213.2246931638,0.465230377251698
F040,0.4,2029,SSB,largePel,12418.5033280781,28213.2246931638,0.440166037847037
F040,0.4,2030,SSB,largePel,12213.696379833,28213.2246931638,0.432906784412787
F040,0.4,2031,SSB,largePel,12135.6853672917,28213.2246931638,0.430141733150845
F040,0.4,2032,SSB,largePel,12515.0043987505,28213.2246931638,0.44358645758714
F040,0.4,2033,SSB,largePel,13089.1817307032,28213.2246931638,0.463937811896945
F040,0.4,2034,SSB,largePel,12480.5379148899,28213.2246931638,0.442364814749941
F040,0.4,2035,SSB,largePel,12152.135213921,28213.2246931638,0.430724787615842
F040,0.4,2036,SSB,largePel,12438.2803196888,28213.2246931638,0.440867020872756
F040,0.4,2037,SSB,largePel,12457.3678551367,28213.2246931638,0.441543566558529
F040,0.4,2038,SSB,largePel,11904.5644022224,28213.2246931638,0.421949795944698
F040,0.4,2039,SSB,largePel,12513.509853836,28213.2246931638,0.443533484382878
F040,0.4,2040,SSB,largePel,12896.1388829031,28213.2246931638,0.457095529602041
F040,0.4,2041,SSB,largePel,12988.9055751451,28213.2246931638,0.460383586648015
F040,0.4,2042,SSB,largePel,12714.8115781014,28213.2246931638,0.450668497358341
F040,0.4,2043,SSB,largePel,12805.6961444037,28213.2246931638,0.453889843634451
F040,0.4,2044,SSB,largePel,12759.9136582032,28213.2246931638,0.452267112213339
F040,0.4,2045,SSB,largePel,12532.0257457572,28213.2246931638,0.444189768523475
F040,0.4,2046,SSB,largePel,12394.0551557627,28213.2246931638,0.439299487759931
F040,0.4,2047,SSB,largePel,12221.7882638083,28213.2246931638,0.433193596149599
F040,0.4,2048,SSB,largePel,11409.9248408849,28213.2246931638,0.404417607876266
F040,0.4,2049,SSB,largePel,11512.0150180614,28213.2246931638,0.408036129980237
F040,0.4,2050,SSB,largePel,12686.456007696,28213.2246931638,0.449663452004125
F040,0.4,2051,SSB,largePel,12927.1105741333,28213.2246931638,0.458193301713065
F040,0.4,2052,SSB,largePel,12354.9824626876,28213.2246931638,0.437914580734945
F040,0.4,2053,SSB,largePel,11950.5968822579,28213.2246931638,0.423581388240019
F040,0.4,2054,SSB,largePel,12784.9871469732,28213.2246931638,0.453155826248784
F040,0.4,2055,SSB,largePel,12729.1069572511,28213.2246931638,0.451175188078924
F040,0.4,2056,SSB,largePel,12294.9732924459,28213.2246931638,0.435787593448155
F040,0.4,2057,SSB,largePel,11758.2956151605,28213.2246931638,0.416765390806589
F040,0.4,2058,SSB,largePel,11639.0195841749,28213.2246931638,0.412537726926163
F040,0.4,2059,SSB,largePel,11927.1296905832,28213.2246931638,0.422749608394577
F040,0.4,2060,SSB,largePel,12033.8003523213,28213.2246931638,0.426530482892202
F040,0.4,2061,SSB,largePel,12310.9714026079,28213.2246931638,0.43635463639826
F040,0.4,2062,SSB,largePel,12400.7692208798,28213.2246931638,0.439537463574116
F040,0.4,2063,SSB,largePel,11400.611198907,28213.2246931638,0.404087491695674
F040,0.4,2064,SSB,largePel,11980.3541346388,28213.2246931638,0.424636115330045
F040,0.4,2065,SSB,largePel,13323.1383308716,28213.2246931638,0.472230256405249
F040,0.4,2066,SSB,largePel,13043.4682187216,28213.2246931638,0.462317525223626
F040,0.4,2067,SSB,largePel,12519.6245903177,28213.2246931638,0.443750217370624
F040,0.4,2068,SSB,largePel,12241.8183201285,28213.2246931638,0.433903548894741
F040,0.4,2069,SSB,largePel,12459.3759047133,28213.2246931638,0.441614740612484
F040,0.4,2070,SSB,largePel,12608.8658393209,28213.2246931638,0.446913317298895
F040,0.4,2071,SSB,largePel,12484.4173254237,28213.2246931638,0.442502318015735
F040,0.4,2072,SSB,largePel,12191.4241181962,28213.2246931638,0.432117358110797
F040,0.4,2073,SSB,largePel,12164.5216894972,28213.2246931638,0.431163818450175
F040,0.4,2074,SSB,largePel,11905.3450919629,28213.2246931638,0.42197746700141
F040,0.4,2075,SSB,largePel,11425.1207217088,28213.2246931638,0.404956216312175
F040,0.4,2076,SSB,largePel,11570.5888881053,28213.2246931638,0.410112243954478
F040,0.4,2077,SSB,largePel,11802.1990997254,28213.2246931638,0.41832152219683
F040,0.4,2078,SSB,largePel,11645.7778955362,28213.2246931638,0.412777271020638
F040,0.4,2079,SSB,largePel,11545.7039205091,28213.2246931638,0.409230211933439
F040,0.4,2080,SSB,largePel,11346.2064135747,28213.2246931638,0.402159148306216
F040,0.4,2081,SSB,largePel,10802.9940520387,28213.2246931638,0.382905327892431
F040,0.4,2082,SSB,largePel,11249.7646840478,28213.2246931638,0.398740831875688
F040,0.4,2083,SSB,largePel,11981.5036329601,28213.2246931638,0.424676858574881
F040,0.4,2084,SSB,largePel,11745.8923361911,28213.2246931638,0.416325764386558
F040,0.4,2085,SSB,largePel,11666.866897534,28213.2246931638,0.413524757429126
F040,0.4,2086,SSB,largePel,11622.6281999503,28213.2246931638,0.411956744624322
F040,0.4,2087,SSB,largePel,11627.6216317848,28213.2246931638,0.412133733674274
F040,0.4,2015,SSB,demersals,1030.08473167382,28213.2246931638,0.0365107052765725
F040,0.4,2016,SSB,demersals,1036.73941235247,28213.2246931638,0.0367465762466946
F040,0.4,2017,SSB,demersals,1050.39754491599,28213.2246931638,0.0372306801629277
F040,0.4,2018,SSB,demersals,1046.96790835227,28213.2246931638,0.0371091188525485
F040,0.4,2019,SSB,demersals,1046.27286638106,28213.2246931638,0.0370844835271376
F040,0.4,2020,SSB,demersals,1057.20394409911,28213.2246931638,0.0374719286999928
F040,0.4,2021,SSB,demersals,1058.56177726956,28213.2246931638,0.0375200562424916
F040,0.4,2022,SSB,demersals,1051.79401618822,28213.2246931638,0.0372801772086363
F040,0.4,2023,SSB,demersals,1044.95154947059,28213.2246931638,0.037037650280501
F040,0.4,2024,SSB,demersals,1048.36327572117,28213.2246931638,0.0371585767710983
F040,0.4,2025,SSB,demersals,1061.89762264084,28213.2246931638,0.03763829318306
F040,0.4,2026,SSB,demersals,1069.18210057929,28213.2246931638,0.0378964869208431
F040,0.4,2027,SSB,demersals,1077.96515033939,28213.2246931638,0.038207796594077
F040,0.4,2028,SSB,demersals,1079.57892792735,28213.2246931638,0.0382649959254371
F040,0.4,2029,SSB,demersals,1076.96373552193,28213.2246931638,0.038172302075873
F040,0.4,2030,SSB,demersals,1066.8757967888,28213.2246931638,0.0378147414339103
F040,0.4,2031,SSB,demersals,1061.55129252076,28213.2246931638,0.0376260177298336
F040,0.4,2032,SSB,demersals,1053.04787216825,28213.2246931638,0.0373246193450338
F040,0.4,2033,SSB,demersals,1054.47996838206,28213.2246931638,0.0373753790943852
F040,0.4,2034,SSB,demersals,1056.22719989542,28213.2246931638,0.0374373086161736
F040,0.4,2035,SSB,demersals,1055.795611076,28213.2246931638,0.0374220112219865
F040,0.4,2036,SSB,demersals,1050.85126308856,28213.2246931638,0.0372467619181151
F040,0.4,2037,SSB,demersals,1046.32980877034,28213.2246931638,0.0370865018143025
F040,0.4,2038,SSB,demersals,1045.37486843485,28213.2246931638,0.0370526545548746
F040,0.4,2039,SSB,demersals,1040.35484257856,28213.2246931638,0.0368747228965516
F040,0.4,2040,SSB,demersals,1038.33586033788,28213.2246931638,0.0368031613411944
F040,0.4,2041,SSB,demersals,1030.69876212442,28213.2246931638,0.0365324691996008
F040,0.4,2042,SSB,demersals,1032.22100086562,28213.2246931638,0.0365864239941253
F040,0.4,2043,SSB,demersals,1039.00498552805,28213.2246931638,0.036826878062606
F040,0.4,2044,SSB,demersals,1042.4513159307,28213.2246931638,0.0369490310756039
F040,0.4,2045,SSB,demersals,1048.74286500583,28213.2246931638,0.0371720310744894
F040,0.4,2046,SSB,demersals,1055.40625924192,28213.2246931638,0.0374082108911729
F040,0.4,2047,SSB,demersals,1055.586642261,28213.2246931638,0.0374146044538032
F040,0.4,2048,SSB,demersals,1054.98277457349,28213.2246931638,0.0373932007435194
F040,0.4,2049,SSB,demersals,1048.58063003436,28213.2246931638,0.0371662807579892
F040,0.4,2050,SSB,demersals,1041.18173524806,28213.2246931638,0.0369040315870146
F040,0.4,2051,SSB,demersals,1037.4151539647,28213.2246931638,0.0367705274830235
F040,0.4,2052,SSB,demersals,1039.06038049826,28213.2246931638,0.0368288415024757
F040,0.4,2053,SSB,demersals,1044.74542282818,28213.2246931638,0.037030344251337
F040,0.4,2054,SSB,demersals,1044.75393381309,28213.2246931638,0.0370306459178431
F040,0.4,2055,SSB,demersals,1045.31576466104,28213.2246931638,0.0370505596587946
F040,0.4,2056,SSB,demersals,1052.54011029715,28213.2246931638,0.0373066220449514
F040,0.4,2057,SSB,demersals,1065.5795400115,28213.2246931638,0.0377687964279281
F040,0.4,2058,SSB,demersals,1075.03828732377,28213.2246931638,0.03810405577581
F040,0.4,2059,SSB,demersals,1080.76298556561,28213.2246931638,0.0383069641035213
F040,0.4,2060,SSB,demersals,1075.41093371588,28213.2246931638,0.0381172639927424
F040,0.4,2061,SSB,demersals,1059.88936390854,28213.2246931638,0.0375671117157112
F040,0.4,2062,SSB,demersals,1048.47104377048,28213.2246931638,0.037162396541808
F040,0.4,2063,SSB,demersals,1041.5090714319,28213.2246931638,0.0369156338121202
F040,0.4,2064,SSB,demersals,1025.17169957128,28213.2246931638,0.0363365659445404
F040,0.4,2065,SSB,demersals,1020.30538316307,28213.2246931638,0.0361640824209045
F040,0.4,2066,SSB,demersals,1020.04470728581,28213.2246931638,0.0361548429284291
F040,0.4,2067,SSB,demersals,1025.80502037432,28213.2246931638,0.0363590136019751
F040,0.4,2068,SSB,demersals,1038.28418758252,28213.2246931638,0.0368013298328886
F040,0.4,2069,SSB,demersals,1053.58197165894,28213.2246931638,0.0373435501654736
F040,0.4,2070,SSB,demersals,1062.65369740483,28213.2246931638,0.0376650917774145
F040,0.4,2071,SSB,demersals,1062.89167857002,28213.2246931638,0.0376735268700981
F040,0.4,2072,SSB,demersals,1058.13575490335,28213.2246931638,0.0375049561477367
F040,0.4,2073,SSB,demersals,1051.00518139037,28213.2246931638,0.0372522174554911
F040,0.4,2074,SSB,demersals,1043.61507091472,28213.2246931638,0.0369902796388815
F040,0.4,2075,SSB,demersals,1030.86372737582,28213.2246931638,0.0365383162891551
F040,0.4,2076,SSB,demersals,1021.93621709749,28213.2246931638,0.0362218863037345
F040,0.4,2077,SSB,demersals,1027.3311984714,28213.2246931638,0.0364131080244906
F040,0.4,2078,SSB,demersals,1028.66060651986,28213.2246931638,0.0364602280564233
F040,0.4,2079,SSB,demersals,1035.36508684805,28213.2246931638,0.0366978641437938
F040,0.4,2080,SSB,demersals,1046.44844995651,28213.2246931638,0.0370907069765078
F040,0.4,2081,SSB,demersals,1055.20124528529,28213.2246931638,0.0374009443004567
F040,0.4,2082,SSB,demersals,1054.63308172277,28213.2246931638,0.0373808061004213
F040,0.4,2083,SSB,demersals,1039.58647431103,28213.2246931638,0.036847488566698
F040,0.4,2084,SSB,demersals,1031.36924920519,28213.2246931638,0.036556234192368
F040,0.4,2085,SSB,demersals,1037.95104151807,28213.2246931638,0.0367895216802201
F040,0.4,2086,SSB,demersals,1039.5778474878,28213.2246931638,0.0368471827943758
F040,0.4,2087,SSB,demersals,1034.52977039966,28213.2246931638,0.0366682568777874
F040,0.4,2015,Yield,smallPel,10834.5444918839,28213.2246931638,0.384023613384016
F040,0.4,2016,Yield,smallPel,10638.2974642943,28213.2246931638,0.37706776095226
F040,0.4,2017,Yield,smallPel,11049.3570338449,28213.2246931638,0.391637508792897
F040,0.4,2018,Yield,smallPel,11175.6308709177,28213.2246931638,0.396113205507685
F040,0.4,2019,Yield,smallPel,10715.8801056883,28213.2246931638,0.37981762886838
F040,0.4,2020,Yield,smallPel,10756.1322296557,28213.2246931638,0.381244340079351
F040,0.4,2021,Yield,smallPel,10892.5927311278,28213.2246931638,0.386081096705232
F040,0.4,2022,Yield,smallPel,11078.565368867,28213.2246931638,0.392672779852473
F040,0.4,2023,Yield,smallPel,10788.1001114149,28213.2246931638,0.382377421536961
F040,0.4,2024,Yield,smallPel,10752.7919560769,28213.2246931638,0.381125946183754
F040,0.4,2025,Yield,smallPel,10924.5865835596,28213.2246931638,0.387215098676995
F040,0.4,2026,Yield,smallPel,10918.3524226124,28213.2246931638,0.386994132764198
F040,0.4,2027,Yield,smallPel,10861.4439852726,28213.2246931638,0.384977049004411
F040,0.4,2028,Yield,smallPel,10532.1157987869,28213.2246931638,0.373304218618402
F040,0.4,2029,Yield,smallPel,10454.9643242352,28213.2246931638,0.370569633139758
F040,0.4,2030,Yield,smallPel,10753.7264286717,28213.2246931638,0.381159067976992
F040,0.4,2031,Yield,smallPel,10657.0701408826,28213.2246931638,0.377733146663836
F040,0.4,2032,Yield,smallPel,11148.4764424745,28213.2246931638,0.395150733874665
F040,0.4,2033,Yield,smallPel,10802.0650825928,28213.2246931638,0.382872401154845
F040,0.4,2034,Yield,smallPel,10366.0603039346,28213.2246931638,0.367418486070695
F040,0.4,2035,Yield,smallPel,10693.868253105,28213.2246931638,0.379037432601463
F040,0.4,2036,Yield,smallPel,10878.0350901845,28213.2246931638,0.385565110280368
F040,0.4,2037,Yield,smallPel,10511.5934117449,28213.2246931638,0.372576815520558
F040,0.4,2038,Yield,smallPel,10434.353236087,28213.2246931638,0.369839086087003
F040,0.4,2039,Yield,smallPel,11053.6319144699,28213.2246931638,0.391789029247277
F040,0.4,2040,Yield,smallPel,10989.9738892388,28213.2246931638,0.38953271059092
F040,0.4,2041,Yield,smallPel,11099.4981454548,28213.2246931638,0.393414728949587
F040,0.4,2042,Yield,smallPel,10872.1431497711,28213.2246931638,0.385356274159099
F040,0.4,2043,Yield,smallPel,10862.6404717328,28213.2246931638,0.385019457714273
F040,0.4,2044,Yield,smallPel,10822.4011034173,28213.2246931638,0.383593198619357
F040,0.4,2045,Yield,smallPel,10676.9245963972,28213.2246931638,0.378436875348897
F040,0.4,2046,Yield,smallPel,10907.7089206091,28213.2246931638,0.386616880531638
F040,0.4,2047,Yield,smallPel,10755.8484348004,28213.2246931638,0.381234281149243
F040,0.4,2048,Yield,smallPel,10154.757166658,28213.2246931638,0.359928979303049
F040,0.4,2049,Yield,smallPel,10904.3410562196,28213.2246931638,0.386497508697111
F040,0.4,2050,Yield,smallPel,10849.6090269039,28213.2246931638,0.384557566350537
F040,0.4,2051,Yield,smallPel,10789.4741226294,28213.2246931638,0.382426122500054
F040,0.4,2052,Yield,smallPel,10541.0617264509,28213.2246931638,0.37362130139647
F040,0.4,2053,Yield,smallPel,11011.367797169,28213.2246931638,0.390291004198365
F040,0.4,2054,Yield,smallPel,11117.5028082921,28213.2246931638,0.394052892896924
F040,0.4,2055,Yield,smallPel,10583.7309529888,28213.2246931638,0.375133685287429
F040,0.4,2056,Yield,smallPel,10702.6995327634,28213.2246931638,0.379350451753099
F040,0.4,2057,Yield,smallPel,10299.8160274556,28213.2246931638,0.365070499365899
F040,0.4,2058,Yield,smallPel,10509.2352827577,28213.2246931638,0.372493233122132
F040,0.4,2059,Yield,smallPel,10787.0582540973,28213.2246931638,0.382340493559782
F040,0.4,2060,Yield,smallPel,10583.4682675977,28213.2246931638,0.375124374568998
F040,0.4,2061,Yield,smallPel,10808.6164001826,28213.2246931638,0.38310460848531
F040,0.4,2062,Yield,smallPel,10361.0683390478,28213.2246931638,0.367241549015783
F040,0.4,2063,Yield,smallPel,9879.92721114613,28213.2246931638,0.350187804428471
F040,0.4,2064,Yield,smallPel,10869.1703734093,28213.2246931638,0.385250905971162
F040,0.4,2065,Yield,smallPel,10784.5555257679,28213.2246931638,0.382251785928643
F040,0.4,2066,Yield,smallPel,10612.1570446917,28213.2246931638,0.376141230224672
F040,0.4,2067,Yield,smallPel,10620.2065131701,28213.2246931638,0.37642653857088
F040,0.4,2068,Yield,smallPel,10777.5789803538,28213.2246931638,0.382004506665461
F040,0.4,2069,Yield,smallPel,10935.9145443798,28213.2246931638,0.387616611121722
F040,0.4,2070,Yield,smallPel,10788.4435470507,28213.2246931638,0.382389594397012
F040,0.4,2071,Yield,smallPel,10864.0146942004,28213.2246931638,0.385068166165095
F040,0.4,2072,Yield,smallPel,10715.7095115134,28213.2246931638,0.379811582265174
F040,0.4,2073,Yield,smallPel,10858.2132098905,28213.2246931638,0.38486253620351
F040,0.4,2074,Yield,smallPel,10703.0071677094,28213.2246931638,0.379361355680226
F040,0.4,2075,Yield,smallPel,10488.7732912851,28213.2246931638,0.371767970707249
F040,0.4,2076,Yield,smallPel,10829.1039893562,28213.2246931638,0.3838307781946
F040,0.4,2077,Yield,smallPel,10467.812295754,28213.2246931638,0.371025021407442
F040,0.4,2078,Yield,smallPel,10416.8308013173,28213.2246931638,0.369218014410149
F040,0.4,2079,Yield,smallPel,10400.1316497515,28213.2246931638,0.368626123488519
F040,0.4,2080,Yield,smallPel,10152.8971596831,28213.2246931638,0.359863052525975
F040,0.4,2081,Yield,smallPel,10169.3662022235,28213.2246931638,0.360446787377962
F040,0.4,2082,Yield,smallPel,10659.0998943417,28213.2246931638,0.377805089998253
F040,0.4,2083,Yield,smallPel,10634.7984649943,28213.2246931638,0.376943741123331
F040,0.4,2084,Yield,smallPel,10225.0851769381,28213.2246931638,0.362421711383305
F040,0.4,2085,Yield,smallPel,10211.1438531359,28213.2246931638,0.361927569931776
F040,0.4,2086,Yield,smallPel,10269.7796146873,28213.2246931638,0.364005877611561
F040,0.4,2087,Yield,smallPel,10420.8587905349,28213.2246931638,0.369360783953916
F040,0.4,2015,Yield,largePel,7629.24450264737,28213.2246931638,0.270413771754917
F040,0.4,2016,Yield,largePel,7269.70071065774,28213.2246931638,0.257669968240789
F040,0.4,2017,Yield,largePel,7800.05301385934,28213.2246931638,0.276467971977317
F040,0.4,2018,Yield,largePel,8281.43409409158,28213.2246931638,0.29353022152403
F040,0.4,2019,Yield,largePel,8045.0103177766,28213.2246931638,0.285150329509337
F040,0.4,2020,Yield,largePel,7920.53637794219,28213.2246931638,0.280738429019827
F040,0.4,2021,Yield,largePel,7924.64457048883,28213.2246931638,0.280884041320134
F040,0.4,2022,Yield,largePel,7950.15978145777,28213.2246931638,0.281788411921029
F040,0.4,2023,Yield,largePel,7780.1744117581,28213.2246931638,0.275763387431685
F040,0.4,2024,Yield,largePel,7470.95277857628,28213.2246931638,0.264803221178277
F040,0.4,2025,Yield,largePel,7686.52034809999,28213.2246931638,0.272443878064122
F040,0.4,2026,Yield,largePel,7879.87273693272,28213.2246931638,0.279297131846189
F040,0.4,2027,Yield,largePel,8040.02059173316,28213.2246931638,0.284973471808819
F040,0.4,2028,Yield,largePel,7814.37045612911,28213.2246931638,0.276975444711309
F040,0.4,2029,Yield,largePel,7393.1643756236,28213.2246931638,0.262046060173157
F040,0.4,2030,Yield,largePel,7343.61003772446,28213.2246931638,0.2602896378415
F040,0.4,2031,Yield,largePel,7309.60915602378,28213.2246931638,0.259084497979947
F040,0.4,2032,Yield,largePel,7595.59158019057,28213.2246931638,0.269220965089858
F040,0.4,2033,Yield,largePel,7892.1650705409,28213.2246931638,0.279732825877689
F040,0.4,2034,Yield,largePel,7446.4198716144,28213.2246931638,0.263933667724934
F040,0.4,2035,Yield,largePel,7292.77378267453,28213.2246931638,0.258487778762901
F040,0.4,2036,Yield,largePel,7506.53340084713,28213.2246931638,0.266064353950508
F040,0.4,2037,Yield,largePel,7459.90564224306,28213.2246931638,0.264411662380821
F040,0.4,2038,Yield,largePel,7148.01958265506,28213.2246931638,0.253357057209666
F040,0.4,2039,Yield,largePel,7629.47583210827,28213.2246931638,0.270421971082126
F040,0.4,2040,Yield,largePel,7742.88202266532,28213.2246931638,0.274441582161343
F040,0.4,2041,Yield,largePel,7778.58518204444,28213.2246931638,0.275707058184286
F040,0.4,2042,Yield,largePel,7598.94750324706,28213.2246931638,0.269339913671348
F040,0.4,2043,Yield,largePel,7677.65205340437,28213.2246931638,0.272129546937777
F040,0.4,2044,Yield,largePel,7633.46955688648,28213.2246931638,0.270563526144394
F040,0.4,2045,Yield,largePel,7481.75820003829,28213.2246931638,0.265186212544189
F040,0.4,2046,Yield,largePel,7408.93830129927,28213.2246931638,0.262605157045182
F040,0.4,2047,Yield,largePel,7302.94129891655,28213.2246931638,0.258848159979603
F040,0.4,2048,Yield,largePel,6842.59729003581,28213.2246931638,0.242531556192292
F040,0.4,2049,Yield,largePel,7100.11013556317,28213.2246931638,0.251658936997853
F040,0.4,2050,Yield,largePel,7746.53385977383,28213.2246931638,0.274571019230243
F040,0.4,2051,Yield,largePel,7742.82208304518,28213.2246931638,0.274439457639215
F040,0.4,2052,Yield,largePel,7347.7466462161,28213.2246931638,0.2604362573271
F040,0.4,2053,Yield,largePel,7215.20269243347,28213.2246931638,0.255738320270131
F040,0.4,2054,Yield,largePel,7776.69826606055,28213.2246931638,0.275640177634317
F040,0.4,2055,Yield,largePel,7610.29671560081,28213.2246931638,0.269742179363312
F040,0.4,2056,Yield,largePel,7337.95389003176,28213.2246931638,0.260089159244877
F040,0.4,2057,Yield,largePel,7033.87958123879,28213.2246931638,0.249311436666194
F040,0.4,2058,Yield,largePel,7047.69018784022,28213.2246931638,0.249800944928777
F040,0.4,2059,Yield,largePel,7213.67016617199,28213.2246931638,0.255684000840922
F040,0.4,2060,Yield,largePel,7261.63293944761,28213.2246931638,0.257384011165769
F040,0.4,2061,Yield,largePel,7461.39516073426,28213.2246931638,0.264464457426669
F040,0.4,2062,Yield,largePel,7441.65873339203,28213.2246931638,0.263764912175927
F040,0.4,2063,Yield,largePel,6881.90037370869,28213.2246931638,0.243924629267076
F040,0.4,2064,Yield,largePel,7437.12415574445,28213.2246931638,0.263604186923961
F040,0.4,2065,Yield,largePel,8057.1302522538,28213.2246931638,0.285579912962097
F040,0.4,2066,Yield,largePel,7728.21715320919,28213.2246931638,0.2739217950893
F040,0.4,2067,Yield,largePel,7416.85755869117,28213.2246931638,0.262885850141346
F040,0.4,2068,Yield,largePel,7303.37231453782,28213.2246931638,0.258863437057143
F040,0.4,2069,Yield,largePel,7484.76951987562,28213.2246931638,0.265292946881369
F040,0.4,2070,Yield,largePel,7536.99187042586,28213.2246931638,0.267143935242969
F040,0.4,2071,Yield,largePel,7465.71417767681,28213.2246931638,0.264617542265057
F040,0.4,2072,Yield,largePel,7307.68897454862,28213.2246931638,0.259016438355567
F040,0.4,2073,Yield,largePel,7330.03607296923,28213.2246931638,0.259808517200281
F040,0.4,2074,Yield,largePel,7140.29812901441,28213.2246931638,0.253083375143024
F040,0.4,2075,Yield,largePel,6874.25008071533,28213.2246931638,0.24365346944481
F040,0.4,2076,Yield,largePel,7050.12954611266,28213.2246931638,0.249887406448117
F040,0.4,2077,Yield,largePel,7136.11510885106,28213.2246931638,0.252935110624918
F040,0.4,2078,Yield,largePel,7005.06740809278,28213.2246931638,0.248290207315088
F040,0.4,2079,Yield,largePel,6938.26792434177,28213.2246931638,0.245922541637821
F040,0.4,2080,Yield,largePel,6808.18886258691,28213.2246931638,0.241311971128085
F040,0.4,2081,Yield,largePel,6509.00367899333,28213.2246931638,0.230707540516292
F040,0.4,2082,Yield,largePel,6884.41970824549,28213.2246931638,0.244013925494792
F040,0.4,2083,Yield,largePel,7248.20248928304,28213.2246931638,0.256907977308929
F040,0.4,2084,Yield,largePel,7049.34849797715,28213.2246931638,0.24985972268832
F040,0.4,2085,Yield,largePel,7019.24203722415,28213.2246931638,0.248792618127234
F040,0.4,2086,Yield,largePel,7010.27639012466,28213.2246931638,0.24847483640618
F040,0.4,2087,Yield,largePel,6967.38552664585,28213.2246931638,0.246954596733286
F040,0.4,2015,Yield,demersals,704.587104820876,28213.2246931638,0.0249736466668981
F040,0.4,2016,Yield,demersals,711.231707486721,28213.2246931638,0.0252091604281965
F040,0.4,2017,Yield,demersals,716.011457442448,28213.2246931638,0.0253785756583841
F040,0.4,2018,Yield,demersals,711.993215721553,28213.2246931638,0.025236151608507
F040,0.4,2019,Yield,demersals,711.634076603381,28213.2246931638,0.0252234221484017
F040,0.4,2020,Yield,demersals,718.327292142508,28213.2246931638,0.0254606589624107
F040,0.4,2021,Yield,demersals,717.195573768172,28213.2246931638,0.0254205459166089
F040,0.4,2022,Yield,demersals,712.437882968305,28213.2246931638,0.0252519125593231
F040,0.4,2023,Yield,demersals,709.686866805504,28213.2246931638,0.025154404522127
F040,0.4,2024,Yield,demersals,713.037130543095,28213.2246931638,0.0252731525126182
F040,0.4,2025,Yield,demersals,720.090576134469,28213.2246931638,0.0255231574542045
F040,0.4,2026,Yield,demersals,723.836646958113,28213.2246931638,0.0256559345778543
F040,0.4,2027,Yield,demersals,728.796223942271,28213.2246931638,0.0258317236639335
F040,0.4,2028,Yield,demersals,729.096612424829,28213.2246931638,0.0258423707447201
F040,0.4,2029,Yield,demersals,726.592896549586,28213.2246931638,0.0257536281106372
F040,0.4,2030,Yield,demersals,720.79703420553,28213.2246931638,0.0255481974160927
F040,0.4,2031,Yield,demersals,717.95608358226,28213.2246931638,0.0254475017085241
F040,0.4,2032,Yield,demersals,712.542235256789,28213.2246931638,0.0252556112605392
F040,0.4,2033,Yield,demersals,714.187765319873,28213.2246931638,0.0253139360384042
F040,0.4,2034,Yield,demersals,714.435229960834,28213.2246931638,0.0253227072669203
F040,0.4,2035,Yield,demersals,714.260935188332,28213.2246931638,0.0253165294983598
F040,0.4,2036,Yield,demersals,711.229449601417,28213.2246931638,0.0252090803988724
F040,0.4,2037,Yield,demersals,708.883164499835,28213.2246931638,0.0251259177995205
F040,0.4,2038,Yield,demersals,707.005538036326,28213.2246931638,0.0250593665107568
F040,0.4,2039,Yield,demersals,703.068085394088,28213.2246931638,0.0249198059789474
F040,0.4,2040,Yield,demersals,701.931480998892,28213.2246931638,0.02487951975121
F040,0.4,2041,Yield,demersals,698.265672218718,28213.2246931638,0.0247495874651972
F040,0.4,2042,Yield,demersals,700.769107523972,28213.2246931638,0.0248383201546533
F040,0.4,2043,Yield,demersals,703.922309110522,28213.2246931638,0.0249500834011749
F040,0.4,2044,Yield,demersals,705.322563696609,28213.2246931638,0.0249997145440632
F040,0.4,2045,Yield,demersals,709.602242724537,28213.2246931638,0.0251514050748151
F040,0.4,2046,Yield,demersals,713.61898068205,28213.2246931638,0.0252937758247452
F040,0.4,2047,Yield,demersals,713.934319461024,28213.2246931638,0.0253049528093828
F040,0.4,2048,Yield,demersals,714.279415513388,28213.2246931638,0.0253171845218552
F040,0.4,2049,Yield,demersals,710.727410115693,28213.2246931638,0.0251912859251394
F040,0.4,2050,Yield,demersals,707.190873978325,28213.2246931638,0.0250659356266241
F040,0.4,2051,Yield,demersals,705.758300827519,28213.2246931638,0.0250151589725413
F040,0.4,2052,Yield,demersals,708.07480557164,28213.2246931638,0.0250972660258581
F040,0.4,2053,Yield,demersals,710.735550664784,28213.2246931638,0.0251915744617807
F040,0.4,2054,Yield,demersals,710.081623731244,28213.2246931638,0.025168396433014
F040,0.4,2055,Yield,demersals,710.404862335713,28213.2246931638,0.0251798534219964
F040,0.4,2056,Yield,demersals,715.90641615633,28213.2246931638,0.0253748525360803
F040,0.4,2057,Yield,demersals,722.976968097605,28213.2246931638,0.025625463801477
F040,0.4,2058,Yield,demersals,727.303879265963,28213.2246931638,0.0257788284457322
F040,0.4,2059,Yield,demersals,728.922918556108,28213.2246931638,0.025836214274816
F040,0.4,2060,Yield,demersals,724.488933085412,28213.2246931638,0.0256790544492761
F040,0.4,2061,Yield,demersals,715.385535916352,28213.2246931638,0.0253563902636658
F040,0.4,2062,Yield,demersals,709.941894485475,28213.2246931638,0.0251634438178029
F040,0.4,2063,Yield,demersals,705.082597236098,28213.2246931638,0.0249912090838359
F040,0.4,2064,Yield,demersals,693.428720726375,28213.2246931638,0.0245781447625304
F040,0.4,2065,Yield,demersals,692.10070377054,28213.2246931638,0.0245310740370008
F040,0.4,2066,Yield,demersals,693.071360816927,28213.2246931638,0.024565478365359
F040,0.4,2067,Yield,demersals,697.164352754764,28213.2246931638,0.0247105518896495
F040,0.4,2068,Yield,demersals,704.717588184409,28213.2246931638,0.02497827156763
F040,0.4,2069,Yield,demersals,713.468959767494,28213.2246931638,0.0252884584278086
F040,0.4,2070,Yield,demersals,717.835533771525,28213.2246931638,0.0254432288963218
F040,0.4,2071,Yield,demersals,717.256974038503,28213.2246931638,0.0254227222105631
F040,0.4,2072,Yield,demersals,714.260497898077,28213.2246931638,0.0253165139988818
F040,0.4,2073,Yield,demersals,711.014049423534,28213.2246931638,0.0252014456750779
F040,0.4,2074,Yield,demersals,707.141226384595,28213.2246931638,0.0250641758988982
F040,0.4,2075,Yield,demersals,700.588987162408,28213.2246931638,0.0248319359017534
F040,0.4,2076,Yield,demersals,697.443835312036,28213.2246931638,0.0247204579730665
F040,0.4,2077,Yield,demersals,701.974858659263,28213.2246931638,0.0248810572450924
F040,0.4,2078,Yield,demersals,701.505339546664,28213.2246931638,0.024864415435526
F040,0.4,2079,Yield,demersals,704.613858077028,28213.2246931638,0.0249745949192316
F040,0.4,2080,Yield,demersals,709.460294487629,28213.2246931638,0.0251463738088591
F040,0.4,2081,Yield,demersals,711.419611609137,28213.2246931638,0.025215820571603
F040,0.4,2082,Yield,demersals,708.716272749828,28213.2246931638,0.025120002426435
F040,0.4,2083,Yield,demersals,699.961873555154,28213.2246931638,0.0248097082544683
F040,0.4,2084,Yield,demersals,696.700088984081,28213.2246931638,0.0246940963523711
F040,0.4,2085,Yield,demersals,701.309119657426,28213.2246931638,0.024857460544996
F040,0.4,2086,Yield,demersals,701.056201857625,28213.2246931638,0.0248484960326955
F040,0.4,2087,Yield,demersals,697.642156902145,28213.2246931638,0.0247274873570616
F040,0.4,2015,SSB,total,33079.3086161429,28213.2246931638,1.17247528334321
F040,0.4,2016,SSB,total,31940.7625174807,28213.2246931638,1.13212023314797
F040,0.4,2017,SSB,total,33372.4724836036,28213.2246931638,1.18286629219275
F040,0.4,2018,SSB,total,34560.2237922003,28213.2246931638,1.22496539009858
F040,0.4,2019,SSB,total,33451.2604908959,28213.2246931638,1.18565888354483
F040,0.4,2020,SSB,total,33401.2406327624,28213.2246931638,1.18388596114133
F040,0.4,2021,SSB,total,33607.6550905282,28213.2246931638,1.19120219173923
F040,0.4,2022,SSB,total,33927.0424871103,28213.2246931638,1.20252267708097
F040,0.4,2023,SSB,total,33230.2995793793,28213.2246931638,1.17782706304505
F040,0.4,2024,SSB,total,32607.3963955114,28213.2246931638,1.15574865156808
F040,0.4,2025,SSB,total,33231.4223215938,28213.2246931638,1.17786685793652
F040,0.4,2026,SSB,total,33613.1819245451,28213.2246931638,1.19139808689397
F040,0.4,2027,SSB,total,33830.6888759111,28213.2246931638,1.19910748394913
F040,0.4,2028,SSB,total,32928.4127456276,28213.2246931638,1.16712687414305
F040,0.4,2029,SSB,total,32048.580583663,28213.2246931638,1.13594177667427
F040,0.4,2030,SSB,total,32532.7153629465,28213.2246931638,1.15310162935148
F040,0.4,2031,SSB,total,32221.276356966,28213.2246931638,1.1420628697142
F040,0.4,2032,SSB,total,33511.3016209361,28213.2246931638,1.18778700362657
F040,0.4,2033,SSB,total,33420.2634112195,28213.2246931638,1.1845602115563
F040,0.4,2034,SSB,total,31913.2738120065,28213.2246931638,1.13114591327589
F040,0.4,2035,SSB,total,32265.513067765,28213.2246931638,1.14363081209867
F040,0.4,2036,SSB,total,32898.9028627938,28213.2246931638,1.16608091491099
F040,0.4,2037,SSB,total,32217.874874401,28213.2246931638,1.14194230630459
F040,0.4,2038,SSB,total,31475.8782664038,28213.2246931638,1.11564270333234
F040,0.4,2039,SSB,total,33309.2462654148,28213.2246931638,1.18062527866536
F040,0.4,2040,SSB,total,33464.3969042373,28213.2246931638,1.18612449545145
F040,0.4,2041,SSB,total,33858.5938112875,28213.2246931638,1.20009655682825
F040,0.4,2042,SSB,total,33139.0059552221,28213.2246931638,1.17459121797062
F040,0.4,2043,SSB,total,33197.2554026077,28213.2246931638,1.17665583298784
F040,0.4,2044,SSB,total,33072.219387375,28213.2246931638,1.17222401008945
F040,0.4,2045,SSB,total,32581.0756885312,28213.2246931638,1.15481573066782
F040,0.4,2046,SSB,total,32898.8774591424,28213.2246931638,1.16608001449455
F040,0.4,2047,SSB,total,32480.227885334,28213.2246931638,1.15124124372795
F040,0.4,2048,SSB,total,30556.3149183541,28213.2246931638,1.0830493589681
F040,0.4,2049,SSB,total,32018.75600768,28213.2246931638,1.13488466334153
F040,0.4,2050,SSB,total,33026.3644480429,28213.2246931638,1.17059871061267
F040,0.4,2051,SSB,total,33114.6063477947,28213.2246931638,1.17372638923542
F040,0.4,2052,SSB,total,32158.1860458339,28213.2246931638,1.13982667332692
F040,0.4,2053,SSB,total,32685.8794861802,28213.2246931638,1.15853043534227
F040,0.4,2054,SSB,total,33742.3970931727,28213.2246931638,1.1959780372553
F040,0.4,2055,SSB,total,32629.809135353,28213.2246931638,1.15654305703167
F040,0.4,2056,SSB,total,32453.0225312573,28213.2246931638,1.15027696706789
F040,0.4,2057,SSB,total,31228.4147495681,28213.2246931638,1.10687151466011
F040,0.4,2058,SSB,total,31498.5127816898,28213.2246931638,1.11644496948703
F040,0.4,2059,SSB,total,32303.595525007,28213.2246931638,1.14498062083752
F040,0.4,2060,SSB,total,31984.3304670739,28213.2246931638,1.13366447171223
F040,0.4,2061,SSB,total,32681.5944914742,28213.2246931638,1.15837855640065
F040,0.4,2062,SSB,total,31936.2554670143,28213.2246931638,1.13196048357963
F040,0.4,2063,SSB,total,30019.9535711916,28213.2246931638,1.06403836844874
F040,0.4,2064,SSB,total,32407.0922794516,28213.2246931638,1.14864899818786
F040,0.4,2065,SSB,total,33469.9277893355,28213.2246931638,1.18632053419422
F040,0.4,2066,SSB,total,32897.2094916662,28213.2246931638,1.16602089443669
F040,0.4,2067,SSB,total,32527.7993476572,28213.2246931638,1.15292738428227
F040,0.4,2068,SSB,total,32627.7540564143,28213.2246931638,1.15647021605156
F040,0.4,2069,SSB,total,33152.6631727121,28213.2246931638,1.17507528945265
F040,0.4,2070,SSB,total,32954.8534897964,28213.2246931638,1.16806404968595
F040,0.4,2071,SSB,total,32964.4635478861,28213.2246931638,1.16840467214914
F040,0.4,2072,SSB,total,32383.2883573411,28213.2246931638,1.14780528314396
F040,0.4,2073,SSB,total,32648.5725122529,28213.2246931638,1.15720811312164
F040,0.4,2074,SSB,total,32074.1033045857,28213.2246931638,1.13684641346076
F040,0.4,2075,SSB,total,31182.1906080498,28213.2246931638,1.1052331290441
F040,0.4,2076,SSB,total,31997.640381926,28213.2246931638,1.13413623327075
F040,0.4,2077,SSB,total,31496.3238420688,28213.2246931638,1.11636738389924
F040,0.4,2078,SSB,total,31220.6341346139,28213.2246931638,1.10659573565793
F040,0.4,2079,SSB,total,31168.3427556224,28213.2246931638,1.10474230062665
F040,0.4,2080,SSB,total,30518.6905860042,28213.2246931638,1.08171578817784
F040,0.4,2081,SSB,total,29946.1660328864,28213.2246931638,1.06142301557406
F040,0.4,2082,SSB,total,31351.35152573,28213.2246931638,1.11122893135029
F040,0.4,2083,SSB,total,32071.2297416002,28213.2246931638,1.13674456182852
F040,0.4,2084,SSB,total,31029.3651882545,28213.2246931638,1.09981632818361
F040,0.4,2085,SSB,total,30984.6366790849,28213.2246931638,1.09823095431529
F040,0.4,2086,SSB,total,31018.1580517112,28213.2246931638,1.09941909827936
F040,0.4,2087,SSB,total,31228.8690172039,28213.2246931638,1.10688761589067
F040,0.4,2015,Yield,total,19168.3760993522,28213.2246931638,0.679411031805832
F040,0.4,2016,Yield,total,18619.2298824387,28213.2246931638,0.659946889621244
F040,0.4,2017,Yield,total,19565.4215051467,28213.2246931638,0.693484056428598
F040,0.4,2018,Yield,total,20169.0581807308,28213.2246931638,0.714879578640222
F040,0.4,2019,Yield,total,19472.5245000682,28213.2246931638,0.690191380526117
F040,0.4,2020,Yield,total,19394.9958997403,28213.2246931638,0.687443428061588
F040,0.4,2021,Yield,total,19534.4328753848,28213.2246931638,0.692385683941974
F040,0.4,2022,Yield,total,19741.1630332931,28213.2246931638,0.699713104332825
F040,0.4,2023,Yield,total,19277.9613899785,28213.2246931638,0.683295213490774
F040,0.4,2024,Yield,total,18936.7818651963,28213.2246931638,0.67120231987465
F040,0.4,2025,Yield,total,19331.1975077941,28213.2246931638,0.685182134195322
F040,0.4,2026,Yield,total,19522.0618065032,28213.2246931638,0.691947199188243
F040,0.4,2027,Yield,total,19630.260800948,28213.2246931638,0.695782244477163
F040,0.4,2028,Yield,total,19075.5828673408,28213.2246931638,0.676122034074431
F040,0.4,2029,Yield,total,18574.7215964084,28213.2246931638,0.658369321423551
F040,0.4,2030,Yield,total,18818.1335006017,28213.2246931638,0.666996903234584
F040,0.4,2031,Yield,total,18684.6353804886,28213.2246931638,0.662265146352307
F040,0.4,2032,Yield,total,19456.6102579219,28213.2246931638,0.689627310225064
F040,0.4,2033,Yield,total,19408.4179184535,28213.2246931638,0.687919163070938
F040,0.4,2034,Yield,total,18526.9154055098,28213.2246931638,0.65667486106255
F040,0.4,2035,Yield,total,18700.9029709679,28213.2246931638,0.662841740862725
F040,0.4,2036,Yield,total,19095.797940633,28213.2246931638,0.676838544629748
F040,0.4,2037,Yield,total,18680.3822184878,28213.2246931638,0.662114395700899
F040,0.4,2038,Yield,total,18289.3783567784,28213.2246931638,0.648255509807427
F040,0.4,2039,Yield,total,19386.1758319723,28213.2246931638,0.687130806308351
F040,0.4,2040,Yield,total,19434.787392903,28213.2246931638,0.688853812503472
F040,0.4,2041,Yield,total,19576.348999718,28213.2246931638,0.693871374599071
F040,0.4,2042,Yield,total,19171.8597605421,28213.2246931638,0.6795345079851
F040,0.4,2043,Yield,total,19244.2148342477,28213.2246931638,0.682099088053225
F040,0.4,2044,Yield,total,19161.1932240004,28213.2246931638,0.679156439307815
F040,0.4,2045,Yield,total,18868.2850391601,28213.2246931638,0.668774492967901
F040,0.4,2046,Yield,total,19030.2662025905,28213.2246931638,0.674515813401564
F040,0.4,2047,Yield,total,18772.724053178,28213.2246931638,0.66538739393823
F040,0.4,2048,Yield,total,17711.6338722072,28213.2246931638,0.627777720017197
F040,0.4,2049,Yield,total,18715.1786018985,28213.2246931638,0.663347731620103
F040,0.4,2050,Yield,total,19303.3337606561,28213.2246931638,0.684194521207404
F040,0.4,2051,Yield,total,19238.0545065021,28213.2246931638,0.68188073911181
F040,0.4,2052,Yield,total,18596.8831782386,28213.2246931638,0.659154824749428
F040,0.4,2053,Yield,total,18937.3060402672,28213.2246931638,0.671220898930275
F040,0.4,2054,Yield,total,19604.2826980839,28213.2246931638,0.694861466964254
F040,0.4,2055,Yield,total,18904.4325309253,28213.2246931638,0.670055718072738
F040,0.4,2056,Yield,total,18756.5598389515,28213.2246931638,0.664814463534056
F040,0.4,2057,Yield,total,18056.672576792,28213.2246931638,0.64000739983357
F040,0.4,2058,Yield,total,18284.2293498639,28213.2246931638,0.648073006496641
F040,0.4,2059,Yield,total,18729.6513388254,28213.2246931638,0.663860708675521
F040,0.4,2060,Yield,total,18569.5901401307,28213.2246931638,0.658187440184043
F040,0.4,2061,Yield,total,18985.3970968332,28213.2246931638,0.672925456175646
F040,0.4,2062,Yield,total,18512.6689669253,28213.2246931638,0.656169905009513
F040,0.4,2063,Yield,total,17466.9101820909,28213.2246931638,0.619103642779383
F040,0.4,2064,Yield,total,18999.7232498801,28213.2246931638,0.673433237657653
F040,0.4,2065,Yield,total,19533.7864817923,28213.2246931638,0.692362772927741
F040,0.4,2066,Yield,total,19033.4455587178,28213.2246931638,0.674628503679332
F040,0.4,2067,Yield,total,18734.2284246161,28213.2246931638,0.664022940601876
F040,0.4,2068,Yield,total,18785.668883076,28213.2246931638,0.665846215290233
F040,0.4,2069,Yield,total,19134.1530240229,28213.2246931638,0.678198016430899
F040,0.4,2070,Yield,total,19043.270951248,28213.2246931638,0.674976758536302
F040,0.4,2071,Yield,total,19046.9858459157,28213.2246931638,0.675108430640716
F040,0.4,2072,Yield,total,18737.6589839601,28213.2246931638,0.664144534619625
F040,0.4,2073,Yield,total,18899.2633322833,28213.2246931638,0.669872499078868
F040,0.4,2074,Yield,total,18550.4465231084,28213.2246931638,0.657508906722149
F040,0.4,2075,Yield,total,18063.6123591629,28213.2246931638,0.640253376053812
F040,0.4,2076,Yield,total,18576.6773707809,28213.2246931638,0.658438642615784
F040,0.4,2077,Yield,total,18305.9022632643,28213.2246931638,0.648841189277452
F040,0.4,2078,Yield,total,18123.4035489567,28213.2246931638,0.642372637160762
F040,0.4,2079,Yield,total,18043.0134321703,28213.2246931638,0.639523260045572
F040,0.4,2080,Yield,total,17670.5463167577,28213.2246931638,0.62632139746292
F040,0.4,2081,Yield,total,17389.7894928259,28213.2246931638,0.616370148465857
F040,0.4,2082,Yield,total,18252.235875337,28213.2246931638,0.64693901791948
F040,0.4,2083,Yield,total,18582.9628278325,28213.2246931638,0.658661426686728
F040,0.4,2084,Yield,total,17971.1337638994,28213.2246931638,0.636975530423996
F040,0.4,2085,Yield,total,17931.6950100175,28213.2246931638,0.635577648604007
F040,0.4,2086,Yield,total,17981.1122066695,28213.2246931638,0.637329210050436
F040,0.4,2087,Yield,total,18085.8864740829,28213.2246931638,0.641042868044263
